	WordPiece	surprisal	window
0	And	13.874351945161749	1SL/0R
1	he	15.317025769834489	1SL/0R
2	she	17.892647535041895	1SL/0R
3	##wed	22.47520101718812	1SL/0R
4	me	16.681165955156743	1SL/0R
5	a	21.01877435317287	1SL/0R
6	pure	18.153837058627747	1SL/0R
7	river	25.221438949361062	1SL/0R
8	of	19.66289495299117	1SL/0R
9	water	10.646938135381204	1SL/0R
10	of	20.973339120373097	1SL/0R
11	life	12.153493557700155	1SL/0R
12	clear	27.244685126928083	1SL/0R
13	as	17.66756906780876	1SL/0R
14	crystal	9.91044396975476	1SL/0R
15	proceeding	34.79953387998126	1SL/0R
16	out	21.333859557149434	1SL/0R
17	of	17.6287052471531	1SL/0R
18	the	13.43093953991077	1SL/0R
19	throne	13.771976960091369	1SL/0R
20	of	18.7818772914036	1SL/0R
21	God	10.661787555505171	1SL/0R
22	and	16.322633482164164	1SL/0R
23	of	10.564955479332507	1SL/0R
24	the	9.428709228020578	1SL/0R
25	Lamb	13.132197549970513	1SL/0R
26	.	0.08300869304809393	1SL/0R
27	In	12.838212735926794	1SL/0R
28	the	19.27324123988275	1SL/0R
29	midst	15.948226819957773	1SL/0R
30	of	11.099545341465182	1SL/0R
31	the	9.84725855043103	1SL/0R
32	street	8.545269470219926	1SL/0R
33	of	19.11021096484456	1SL/0R
34	it	10.231826076266387	1SL/0R
35	and	16.45781935483614	1SL/0R
36	on	12.496771001271439	1SL/0R
37	either	22.603457146149562	1SL/0R
38	side	10.056782656741973	1SL/0R
39	of	14.292410215656112	1SL/0R
40	the	9.90979403490455	1SL/0R
41	river	5.187201349197521	1SL/0R
42	was	19.19375730068842	1SL/0R
43	there	10.765536001836875	1SL/0R
44	the	15.16437466500561	1SL/0R
45	tree	16.05120993409812	1SL/0R
46	of	18.90646976170184	1SL/0R
47	life	16.3133446366297	1SL/0R
48	which	21.78666123305538	1SL/0R
49	bare	24.28277856525135	1SL/0R
50	twelve	24.77424770997459	1SL/0R
51	manner	26.553209100978854	1SL/0R
52	of	18.43234884329799	1SL/0R
53	fruits	25.631199429745458	1SL/0R
54	and	17.043763798235286	1SL/0R
55	yielded	23.36842980345339	1SL/0R
56	her	23.258769115270084	1SL/0R
57	fruit	26.740349822046248	1SL/0R
58	every	24.23072650536845	1SL/0R
59	month	16.68851788402954	1SL/0R
60	and	17.92368346825668	1SL/0R
61	the	16.50984516521328	1SL/0R
62	leaves	19.35274701351382	1SL/0R
63	of	18.08912729246949	1SL/0R
64	the	10.612262415332825	1SL/0R
65	tree	10.991254756215275	1SL/0R
66	were	22.755520456529677	1SL/0R
67	for	14.680524397283795	1SL/0R
68	the	14.376274763269329	1SL/0R
69	healing	15.268016461291303	1SL/0R
70	of	17.622879381322313	1SL/0R
71	the	11.790771698196304	1SL/0R
72	nations	18.047623459050044	1SL/0R
73	.	0.10753824636272911	1SL/0R
74	And	13.874351945161749	1SL/0R
75	there	13.720580985194763	1SL/0R
76	shall	24.730641427712822	1SL/0R
77	be	7.24109558660395	1SL/0R
78	no	17.142076317746618	1SL/0R
79	more	11.790866167037496	1SL/0R
80	curse	28.528560445308635	1SL/0R
81	but	19.433538851483547	1SL/0R
82	the	13.907306724644702	1SL/0R
83	throne	16.90512625149196	1SL/0R
84	of	20.315444942632116	1SL/0R
85	God	11.441809135903108	1SL/0R
86	and	16.398328602838042	1SL/0R
87	of	9.586319393802887	1SL/0R
88	the	9.586378655757686	1SL/0R
89	Lamb	11.075251274349752	1SL/0R
90	shall	19.56096087837755	1SL/0R
91	be	8.94049775831533	1SL/0R
92	in	16.979415388658765	1SL/0R
93	it	13.362277210374225	1SL/0R
94	and	14.571911814165455	1SL/0R
95	his	14.969807732395228	1SL/0R
96	servants	23.61123365209929	1SL/0R
97	shall	18.710607380536736	1SL/0R
98	serve	10.287241283129207	1SL/0R
99	him	15.697337232506003	1SL/0R
100	.	0.15772658696410397	1SL/0R
101	And	13.874351945161749	1SL/0R
102	they	16.01671444598669	1SL/0R
103	shall	20.352807629932833	1SL/0R
104	see	17.272840675304405	1SL/0R
105	his	21.064404093323425	1SL/0R
106	face	16.49616019266018	1SL/0R
107	and	15.843130738624831	1SL/0R
108	his	10.663285064938115	1SL/0R
109	name	18.860481746712907	1SL/0R
110	shall	20.372877283528968	1SL/0R
111	be	7.085774470869493	1SL/0R
112	in	17.850149171417662	1SL/0R
113	their	15.749781397806773	1SL/0R
114	forehead	13.8250927513008	1SL/0R
115	##s	17.66204129587896	1SL/0R
116	.	0.14373852729034842	1SL/0R
117	And	13.874351945161749	1SL/0R
118	there	13.720580985194763	1SL/0R
119	shall	24.730641427712822	1SL/0R
120	be	7.24109558660395	1SL/0R
121	no	17.142076317746618	1SL/0R
122	night	16.04147648907432	1SL/0R
123	there	19.354774432768494	1SL/0R
124	and	17.240119840277135	1SL/0R
125	they	12.875551122451423	1SL/0R
126	need	14.571125263110087	1SL/0R
127	no	12.361216216329087	1SL/0R
128	candle	19.232196624484672	1SL/0R
129	neither	23.1830043692786	1SL/0R
130	light	22.536683431815028	1SL/0R
131	of	17.5795547649989	1SL/0R
132	the	13.524397668282509	1SL/0R
133	sun	5.856533793918996	1SL/0R
134	for	16.649509119660205	1SL/0R
135	the	14.836138300999922	1SL/0R
136	Lord	9.39531851136496	1SL/0R
137	God	18.235582723739395	1SL/0R
138	give	23.24797876518389	1SL/0R
139	##th	14.126706753126683	1SL/0R
140	them	15.122885620139684	1SL/0R
141	light	21.810130811134446	1SL/0R
142	and	13.125597831792813	1SL/0R
143	they	8.471724275964638	1SL/0R
144	shall	3.87388509706788	1SL/0R
145	reign	12.79328757209618	1SL/0R
146	for	14.171347579897947	1SL/0R
147	ever	12.908865210761535	1SL/0R
148	and	13.09476358719185	1SL/0R
149	ever	6.829120313951353	1SL/0R
150	.	0.1256505557026983	1SL/0R
151	And	13.874351945161749	1SL/0R
152	he	15.317025769834489	1SL/0R
153	said	14.368310361373167	1SL/0R
154	unto	22.68855142221737	1SL/0R
155	me	3.6821495233982997	1SL/0R
156	These	23.956661927839058	1SL/0R
157	saying	19.646122125286062	1SL/0R
158	##s	5.5413147915026	1SL/0R
159	are	20.298552445209495	1SL/0R
160	faithful	17.424963551243888	1SL/0R
161	and	14.314844864018927	1SL/0R
162	true	2.6640767785434134	1SL/0R
163	and	14.748342356614225	1SL/0R
164	the	10.893393451965636	1SL/0R
165	Lord	9.948112007722601	1SL/0R
166	God	12.255941933416954	1SL/0R
167	of	13.15012916505108	1SL/0R
168	the	10.120784441374829	1SL/0R
169	holy	12.495244040118251	1SL/0R
170	prophet	22.283673689746735	1SL/0R
171	##s	13.562779022536073	1SL/0R
172	sent	19.648123935794796	1SL/0R
173	his	14.716372816372921	1SL/0R
174	angel	17.33000717991958	1SL/0R
175	to	16.41066808145802	1SL/0R
176	she	19.122885339229093	1SL/0R
177	##w	22.714337449352833	1SL/0R
178	unto	19.898312479937648	1SL/0R
179	his	12.803155826626002	1SL/0R
180	servants	18.202757835749612	1SL/0R
181	the	19.44747501053381	1SL/0R
182	things	11.529242090602203	1SL/0R
183	which	18.45218937507376	1SL/0R
184	must	14.520687219118134	1SL/0R
185	shortly	20.35999640795013	1SL/0R
186	be	7.125384610437236	1SL/0R
187	done	13.906259589541461	1SL/0R
188	.	0.176368715957437	1SL/0R
189	Be	15.325413531591161	1SL/0R
190	##hold	10.3983895782796	1SL/0R
191	I	16.834204971846475	1SL/0R
192	come	17.052037718357695	1SL/0R
193	quickly	20.636612336600745	1SL/0R
194	blessed	25.40821356931668	1SL/0R
195	is	20.73008418038958	1SL/0R
196	he	13.418876439619963	1SL/0R
197	that	15.642096891482803	1SL/0R
198	keep	19.98863469577509	1SL/0R
199	##eth	20.40712396334831	1SL/0R
200	the	13.301939519148855	1SL/0R
201	saying	13.890271987373291	1SL/0R
202	##s	15.769562590830217	1SL/0R
203	of	16.623319221701564	1SL/0R
204	the	9.255957336030516	1SL/0R
205	prophecy	11.64242906902507	1SL/0R
206	of	18.296705127725442	1SL/0R
207	this	10.89267036514119	1SL/0R
208	book	15.013351030015492	1SL/0R
209	.	0.19123619629029956	1SL/0R
210	And	13.874351945161749	1SL/0R
211	I	12.906054765616336	1SL/0R
212	John	22.17661341905876	1SL/0R
213	saw	22.03359638054431	1SL/0R
214	these	21.47486694837659	1SL/0R
215	things	17.1512574929346	1SL/0R
216	and	15.217221495830264	1SL/0R
217	heard	15.990028588383574	1SL/0R
218	them	15.073816046810068	1SL/0R
219	And	22.092011976373605	1SL/0R
220	when	12.610298690945399	1SL/0R
221	I	14.294976534169061	1SL/0R
222	had	6.070828565346574	1SL/0R
223	heard	11.695558432498336	1SL/0R
224	and	9.568523309780907	1SL/0R
225	seen	6.080717743080639	1SL/0R
226	I	13.353988620778644	1SL/0R
227	fell	10.803182085169858	1SL/0R
228	down	11.755257570296141	1SL/0R
229	to	16.597597727616968	1SL/0R
230	worship	15.923841052183494	1SL/0R
231	before	14.13707419855235	1SL/0R
232	the	14.901923568793448	1SL/0R
233	feet	11.734140909121242	1SL/0R
234	of	18.16506810861583	1SL/0R
235	the	6.363709054012293	1SL/0R
236	angel	10.340009658644954	1SL/0R
237	which	18.972352456540108	1SL/0R
238	she	16.578073356045454	1SL/0R
239	##wed	19.88616310628485	1SL/0R
240	me	12.434200856280535	1SL/0R
241	these	23.040803431187932	1SL/0R
242	things	5.144993740045393	1SL/0R
243	.	0.17876524962418067	1SL/0R
244	Then	16.274394405992332	1SL/0R
245	sa	24.095420867443618	1SL/0R
246	##ith	14.47008433062152	1SL/0R
247	he	18.867479404009085	1SL/0R
248	unto	20.966499700239606	1SL/0R
249	me	10.56341171487929	1SL/0R
250	See	26.48727412271744	1SL/0R
251	thou	18.037170346336985	1SL/0R
252	do	15.966927581083626	1SL/0R
253	it	16.10762996886222	1SL/0R
254	not	18.150917278841874	1SL/0R
255	for	15.715971191356306	1SL/0R
256	I	14.279470151960293	1SL/0R
257	am	14.276007702298955	1SL/0R
258	thy	17.097450442035434	1SL/0R
259	fellows	18.82481718291048	1SL/0R
260	##er	20.99569928314875	1SL/0R
261	##vant	25.887510222338122	1SL/0R
262	and	14.598828161786079	1SL/0R
263	of	11.421372322633024	1SL/0R
264	thy	14.266115977655303	1SL/0R
265	br	20.18597286245409	1SL/0R
266	##eth	5.925513709531944	1SL/0R
267	##ren	15.103306365862487	1SL/0R
268	the	20.290364291591743	1SL/0R
269	prophet	12.912181097438205	1SL/0R
270	##s	17.55943557328718	1SL/0R
271	and	14.184808757263587	1SL/0R
272	of	9.199789305841593	1SL/0R
273	them	3.3024871655617956	1SL/0R
274	which	17.6141694522339	1SL/0R
275	keep	12.84948678737764	1SL/0R
276	the	12.104714011149255	1SL/0R
277	saying	12.12395713014104	1SL/0R
278	##s	16.153477680771022	1SL/0R
279	of	17.63574348933871	1SL/0R
280	this	11.622749083995123	1SL/0R
281	book	18.73275838904963	1SL/0R
282	worship	25.471456704141268	1SL/0R
283	God	16.717878457036	1SL/0R
284	.	0.3121580041856146	1SL/0R
285	And	13.874351945161749	1SL/0R
286	he	15.317025769834489	1SL/0R
287	sa	21.894968793478338	1SL/0R
288	##ith	18.47754777369207	1SL/0R
289	unto	22.818620683465866	1SL/0R
290	me	8.763852636357724	1SL/0R
291	Seal	30.320630617945156	1SL/0R
292	not	21.657778535714694	1SL/0R
293	the	16.48206875274604	1SL/0R
294	saying	16.355677633705156	1SL/0R
295	##s	16.92120045094732	1SL/0R
296	of	17.416676163009143	1SL/0R
297	the	11.659813171259323	1SL/0R
298	prophecy	17.65712017124161	1SL/0R
299	of	18.625995189338834	1SL/0R
300	this	12.85025412070877	1SL/0R
301	book	20.854955362076954	1SL/0R
302	for	19.33479855748751	1SL/0R
303	the	12.955617888207504	1SL/0R
304	time	11.76335116231423	1SL/0R
305	is	19.28875734962165	1SL/0R
306	at	18.983472054005645	1SL/0R
307	hand	17.5573789028711	1SL/0R
308	.	0.25342335481626505	1SL/0R
309	He	11.745736314498608	1SL/0R
310	that	16.631339550166775	1SL/0R
311	is	14.160305263199707	1SL/0R
312	un	20.058367657789482	1SL/0R
313	##ju	15.369817654820002	1SL/0R
314	##st	7.395618706378751	1SL/0R
315	let	19.79958162589323	1SL/0R
316	him	4.982122018314428	1SL/0R
317	be	10.81834680332279	1SL/0R
318	un	20.061812494444304	1SL/0R
319	##ju	11.833378858233175	1SL/0R
320	##st	8.621689134155625	1SL/0R
321	still	23.949925515488108	1SL/0R
322	and	14.342611980375038	1SL/0R
323	he	11.558419851676149	1SL/0R
324	which	11.924077460352251	1SL/0R
325	is	8.410774735114787	1SL/0R
326	filthy	19.87292508163392	1SL/0R
327	let	15.992079622411032	1SL/0R
328	him	6.587772336031961	1SL/0R
329	be	7.579827991232594	1SL/0R
330	filthy	24.291679849487853	1SL/0R
331	still	16.731864531100502	1SL/0R
332	and	11.828771424119124	1SL/0R
333	he	12.006943800955062	1SL/0R
334	that	8.24522073631168	1SL/0R
335	is	8.04602126962063	1SL/0R
336	right	10.06368403721448	1SL/0R
337	##eous	19.937006077883165	1SL/0R
338	let	17.106128954770014	1SL/0R
339	him	0.6117901890735691	1SL/0R
340	be	6.8910487304686106	1SL/0R
341	right	16.526518926077905	1SL/0R
342	##eous	20.10837712219638	1SL/0R
343	still	17.117256586220222	1SL/0R
344	and	10.327379568704963	1SL/0R
345	he	12.55008564210692	1SL/0R
346	that	9.241193868361279	1SL/0R
347	is	7.259265826487369	1SL/0R
348	holy	13.194407846429947	1SL/0R
349	let	15.327402982346829	1SL/0R
350	him	0.6443146017355218	1SL/0R
351	be	6.102109132636154	1SL/0R
352	holy	15.88878296467293	1SL/0R
353	still	15.473900556636568	1SL/0R
354	.	0.29429063237433595	1SL/0R
355	And	13.874351945161749	1SL/0R
356	be	20.024581616039633	1SL/0R
357	##hold	18.41843402411894	1SL/0R
358	I	16.83469381242631	1SL/0R
359	come	13.561524876095133	1SL/0R
360	quickly	21.497727099161914	1SL/0R
361	and	16.55338626721141	1SL/0R
362	my	16.07064062502838	1SL/0R
363	reward	16.53022467800549	1SL/0R
364	is	17.846578472032654	1SL/0R
365	with	14.442528819287517	1SL/0R
366	me	7.629952531345519	1SL/0R
367	to	18.77495514682808	1SL/0R
368	give	13.434197951577783	1SL/0R
369	every	21.35164164990852	1SL/0R
370	man	11.791821765793635	1SL/0R
371	according	24.62849080217978	1SL/0R
372	as	18.086066528978076	1SL/0R
373	his	15.584669042175678	1SL/0R
374	work	21.210501577506502	1SL/0R
375	shall	20.88288310605606	1SL/0R
376	be	16.134644198046512	1SL/0R
377	.	0.12043142631473619	1SL/0R
378	I	9.638390954831912	1SL/0R
379	am	15.144243541420947	1SL/0R
380	Alpha	25.666779940868384	1SL/0R
381	and	16.218356036538637	1SL/0R
382	Omega	9.744056149124674	1SL/0R
383	the	21.956411776656783	1SL/0R
384	beginning	12.759336317018644	1SL/0R
385	and	14.688445128244494	1SL/0R
386	the	10.870430989514205	1SL/0R
387	end	0.86325649575761	1SL/0R
388	the	19.83611281735152	1SL/0R
389	first	9.976800305997635	1SL/0R
390	and	15.194028186407587	1SL/0R
391	the	10.288970293454227	1SL/0R
392	last	1.6249279461923298	1SL/0R
393	.	0.04759590735774332	1SL/0R
394	Blessed	18.330412692938275	1SL/0R
395	are	19.23424812670509	1SL/0R
396	they	12.02132113286733	1SL/0R
397	that	16.65275887961145	1SL/0R
398	do	16.79080487316336	1SL/0R
399	his	21.705788597213207	1SL/0R
400	command	21.2187696732619	1SL/0R
401	##ments	25.458834951491145	1SL/0R
402	that	17.668752816278865	1SL/0R
403	they	14.581618993750455	1SL/0R
404	may	8.08568102476036	1SL/0R
405	have	13.124498948823696	1SL/0R
406	right	21.92736279289223	1SL/0R
407	to	16.252800057479472	1SL/0R
408	the	18.456734604716875	1SL/0R
409	tree	15.30069835617472	1SL/0R
410	of	18.259792566282435	1SL/0R
411	life	12.160578686020873	1SL/0R
412	and	14.966184836798416	1SL/0R
413	may	12.42014305654207	1SL/0R
414	enter	14.969499891923075	1SL/0R
415	in	17.45109603449995	1SL/0R
416	through	21.15369987802222	1SL/0R
417	the	16.17823633170434	1SL/0R
418	gates	14.452711464884331	1SL/0R
419	into	22.132660923998476	1SL/0R
420	the	11.464857780253864	1SL/0R
421	city	7.831192171675764	1SL/0R
422	.	0.08362163731369213	1SL/0R
423	For	14.545257549048856	1SL/0R
424	without	18.821742888883655	1SL/0R
425	are	16.07298173589201	1SL/0R
426	dogs	25.08429865662515	1SL/0R
427	and	11.602114024141358	1SL/0R
428	so	12.050028615437947	1SL/0R
429	##rcerer	21.790437015864363	1SL/0R
430	##s	8.682259908055308	1SL/0R
431	and	14.590572029391277	1SL/0R
432	whore	16.334324698454925	1SL/0R
433	##mon	24.08344969875387	1SL/0R
434	##gers	13.846039988311345	1SL/0R
435	and	15.503935582995373	1SL/0R
436	murderer	13.010712053813823	1SL/0R
437	##s	7.3196746042845575	1SL/0R
438	and	14.92697100906576	1SL/0R
439	idol	18.161409940475426	1SL/0R
440	##ater	17.57176149929363	1SL/0R
441	##s	4.936383892610727	1SL/0R
442	and	15.081068539815854	1SL/0R
443	who	12.923494585982573	1SL/0R
444	##so	18.150599289883196	1SL/0R
445	##ever	11.414364172368279	1SL/0R
446	love	19.986439806053543	1SL/0R
447	##th	19.54360196536494	1SL/0R
448	and	13.312308869163958	1SL/0R
449	make	13.859649971490546	1SL/0R
450	##th	17.991619253350628	1SL/0R
451	a	18.85365289680415	1SL/0R
452	lie	10.981965241825677	1SL/0R
453	.	0.24339216869679633	1SL/0R
454	I	9.638390954831912	1SL/0R
455	Jesus	21.82782904909091	1SL/0R
456	have	17.04573605208643	1SL/0R
457	sent	15.113555352249215	1SL/0R
458	mine	15.971827332406486	1SL/0R
459	angel	20.39144623902676	1SL/0R
460	to	15.30050866771832	1SL/0R
461	testify	18.01006202569087	1SL/0R
462	unto	19.775628188396247	1SL/0R
463	you	5.12669238876125	1SL/0R
464	these	22.11798793262546	1SL/0R
465	things	10.843054380370457	1SL/0R
466	in	18.121294670845224	1SL/0R
467	the	11.841631925058891	1SL/0R
468	churches	11.145801409491838	1SL/0R
469	I	19.783719206971274	1SL/0R
470	am	11.360336366716432	1SL/0R
471	the	16.19760324885988	1SL/0R
472	root	17.938554805031078	1SL/0R
473	and	13.476313384339546	1SL/0R
474	the	9.696356217470232	1SL/0R
475	offspring	14.228924065964538	1SL/0R
476	of	16.513589055295732	1SL/0R
477	David	21.647363418909915	1SL/0R
478	and	13.583187528223204	1SL/0R
479	the	10.112542761621334	1SL/0R
480	bright	15.5936257725637	1SL/0R
481	and	12.927001909684599	1SL/0R
482	morning	16.11905991897389	1SL/0R
483	star	23.80705256524757	1SL/0R
484	.	0.17419668244512937	1SL/0R
485	And	13.874351945161749	1SL/0R
486	the	14.913792490162386	1SL/0R
487	Spirit	18.972311964743575	1SL/0R
488	and	12.949030097490015	1SL/0R
489	the	4.578739121148636	1SL/0R
490	bride	17.17530117654266	1SL/0R
491	say	20.176605741086913	1SL/0R
492	Come	21.719131126780134	1SL/0R
493	And	17.351709571866945	1SL/0R
494	let	12.780632778234223	1SL/0R
495	him	8.038976689617797	1SL/0R
496	that	13.035966696825618	1SL/0R
497	hear	14.349126072826197	1SL/0R
498	##eth	13.97043826941456	1SL/0R
499	say	15.931476235230406	1SL/0R
500	Come	10.172627346675283	1SL/0R
501	And	15.830322521934058	1SL/0R
502	let	10.332523286610249	1SL/0R
503	him	2.1784043771535107	1SL/0R
504	that	11.253184641727334	1SL/0R
505	is	11.607205690829517	1SL/0R
506	at	15.870146781625817	1SL/0R
507	##hir	15.42179985861168	1SL/0R
508	##st	8.138810366691935	1SL/0R
509	come	16.097372335732196	1SL/0R
510	And	14.492734634262867	1SL/0R
511	who	13.59243373515069	1SL/0R
512	##so	19.569896265333767	1SL/0R
513	##ever	9.152453414298964	1SL/0R
514	will	8.869606815140928	1SL/0R
515	let	11.21521151542925	1SL/0R
516	him	8.341365849218798	1SL/0R
517	take	12.64887406739052	1SL/0R
518	the	15.373960598000984	1SL/0R
519	water	7.916185534054538	1SL/0R
520	of	16.445903732169796	1SL/0R
521	life	12.876085427362227	1SL/0R
522	freely	22.924966662713377	1SL/0R
523	.	0.7916535487989234	1SL/0R
524	For	14.545257549048856	1SL/0R
525	I	14.894951203830981	1SL/0R
526	testify	26.097254126343326	1SL/0R
527	unto	18.947161673495238	1SL/0R
528	every	12.748736768641566	1SL/0R
529	man	7.652817149030247	1SL/0R
530	that	17.45195845443468	1SL/0R
531	hear	19.004622724647735	1SL/0R
532	##eth	16.11677789925095	1SL/0R
533	the	17.633650702389005	1SL/0R
534	words	7.196394450334819	1SL/0R
535	of	19.279918603285005	1SL/0R
536	the	10.418206834591125	1SL/0R
537	prophecy	13.836272020773894	1SL/0R
538	of	21.743850064079936	1SL/0R
539	this	11.482335777455301	1SL/0R
540	book	17.758918479002034	1SL/0R
541	If	26.14589141102831	1SL/0R
542	any	14.208721233179288	1SL/0R
543	man	16.707017613618408	1SL/0R
544	shall	9.75064374686945	1SL/0R
545	add	15.259603753709655	1SL/0R
546	unto	16.533887806534906	1SL/0R
547	these	10.927066165471379	1SL/0R
548	things	18.329670077912862	1SL/0R
549	God	19.422998486968932	1SL/0R
550	shall	16.1420233696801	1SL/0R
551	add	9.859695535798638	1SL/0R
552	unto	20.134449174276195	1SL/0R
553	him	5.826178475777506	1SL/0R
554	the	19.782248444206814	1SL/0R
555	plague	12.611951041445451	1SL/0R
556	##s	17.813151726274192	1SL/0R
557	that	18.25784293353083	1SL/0R
558	are	6.039040300272642	1SL/0R
559	written	18.894598017119602	1SL/0R
560	in	17.977249536635306	1SL/0R
561	this	15.23117812338088	1SL/0R
562	book	1.0523322096483811	1SL/0R
563	.	0.32098183426787047	1SL/0R
564	And	13.874351945161749	1SL/0R
565	if	13.635713695059636	1SL/0R
566	any	19.886184721446153	1SL/0R
567	man	17.835529579786073	1SL/0R
568	shall	19.877680840264258	1SL/0R
569	take	14.539917120638409	1SL/0R
570	away	15.280205221658667	1SL/0R
571	from	16.110174302264305	1SL/0R
572	the	12.00141198036742	1SL/0R
573	words	11.60983065011082	1SL/0R
574	of	15.128343913112648	1SL/0R
575	the	9.37550091713381	1SL/0R
576	book	10.32971773648075	1SL/0R
577	of	16.15269036602944	1SL/0R
578	this	9.591165860925166	1SL/0R
579	prophecy	19.181720537646587	1SL/0R
580	God	17.20246749550282	1SL/0R
581	shall	12.527241494372245	1SL/0R
582	take	11.120563422894707	1SL/0R
583	away	12.33122373652903	1SL/0R
584	his	15.691580555835346	1SL/0R
585	part	16.05549185166944	1SL/0R
586	out	20.49813002253018	1SL/0R
587	of	18.008977853771192	1SL/0R
588	the	16.488123953722013	1SL/0R
589	book	7.184619342910479	1SL/0R
590	of	19.03258049027894	1SL/0R
591	life	10.22430864852392	1SL/0R
592	and	15.3755941806956	1SL/0R
593	out	12.688203466790918	1SL/0R
594	of	16.852448176499365	1SL/0R
595	the	8.862236149274983	1SL/0R
596	holy	10.726917553186684	1SL/0R
597	city	14.157809948824912	1SL/0R
598	and	14.83530294817181	1SL/0R
599	from	10.394521499263536	1SL/0R
600	the	7.481061158669014	1SL/0R
601	things	12.499314671367307	1SL/0R
602	which	19.27775237875665	1SL/0R
603	are	5.673410047522911	1SL/0R
604	written	16.089353335644784	1SL/0R
605	in	18.500543602622592	1SL/0R
606	this	14.848065718454587	1SL/0R
607	book	4.790686012125143	1SL/0R
608	.	0.13552732675082863	1SL/0R
609	He	11.745736314498608	1SL/0R
610	which	18.81648788581414	1SL/0R
611	test	22.187358300531056	1SL/0R
612	##if	21.787677286425673	1SL/0R
613	##iet	22.737547672201437	1SL/0R
614	##h	9.010082981389045	1SL/0R
615	these	21.060591615552827	1SL/0R
616	things	15.875135934076491	1SL/0R
617	sa	20.0536543717523	1SL/0R
618	##ith	19.927078264845555	1SL/0R
619	Surely	23.382687802560902	1SL/0R
620	I	17.132619821344676	1SL/0R
621	come	18.42229758161388	1SL/0R
622	quickly	22.55596015386235	1SL/0R
623	Am	23.85828651703378	1SL/0R
624	##en	11.989237839293848	1SL/0R
625	Even	25.996387730890426	1SL/0R
626	so	16.744533238777514	1SL/0R
627	come	19.14985294511713	1SL/0R
628	Lord	15.920406982427386	1SL/0R
629	Jesus	16.02428241542178	1SL/0R
630	.	0.36783380155845874	1SL/0R
631	The	10.798905696946512	1SL/0R
632	grace	20.049380298886827	1SL/0R
633	of	14.715974722569902	1SL/0R
634	our	11.402300899782997	1SL/0R
635	Lord	2.534236449890949	1SL/0R
636	Jesus	18.5209158352874	1SL/0R
637	Christ	15.746846016555626	1SL/0R
638	be	21.967850326360388	1SL/0R
639	with	13.673901786279421	1SL/0R
640	you	6.0381543327202225	1SL/0R
641	all	18.24194527932614	1SL/0R
642	Am	27.28774936586674	1SL/0R
643	##en	7.875143820280376	1SL/0R
644	.	0.1421887676669191	1SL/0R
645	And	5.463864740212222	1SL/1R
646	he	10.372992093031664	1SL/1R
647	she	4.151535701209905	1SL/1R
648	##wed	6.086416802871286	1SL/1R
649	me	2.8887253272081015	1SL/1R
650	a	3.721525302369268	1SL/1R
651	pure	8.584660143911123	1SL/1R
652	river	12.91642620925716	1SL/1R
653	of	0.07540312071584035	1SL/1R
654	water	6.245757972074237	1SL/1R
655	of	5.769258000744278	1SL/1R
656	life	6.1948886891783825	1SL/1R
657	clear	14.47237242516023	1SL/1R
658	as	0.12859949948107818	1SL/1R
659	crystal	8.789380970076383	1SL/1R
660	proceeding	20.959471805622766	1SL/1R
661	out	0.4199208897524282	1SL/1R
662	of	0.5832872448437433	1SL/1R
663	the	1.4327914845897425	1SL/1R
664	throne	13.323996141441642	1SL/1R
665	of	0.049112655115349825	1SL/1R
666	God	3.3310088991573865	1SL/1R
667	and	1.7515957932042112	1SL/1R
668	of	5.223759958724533	1SL/1R
669	the	0.27115235723099335	1SL/1R
670	Lamb	9.252948017542105	1SL/1R
671	.	0.08300869304809393	1SL/1R
672	In	3.524599534947819	1SL/1R
673	the	1.5209808611822173	1SL/1R
674	midst	10.268604518439968	1SL/1R
675	of	0.006873381615944451	1SL/1R
676	the	0.12846544964148335	1SL/1R
677	street	12.357870282870275	1SL/1R
678	of	7.124020102245709	1SL/1R
679	it	8.892482466612188	1SL/1R
680	and	3.188594436078067	1SL/1R
681	on	4.221196047265143	1SL/1R
682	either	2.473036382177244	1SL/1R
683	side	0.024110934361008446	1SL/1R
684	of	0.2228422260814294	1SL/1R
685	the	0.061466168754211195	1SL/1R
686	river	4.775364556533713	1SL/1R
687	was	4.839350078178923	1SL/1R
688	there	5.814424319899756	1SL/1R
689	the	5.92109770197078	1SL/1R
690	tree	9.586385757026708	1SL/1R
691	of	0.013077404565442246	1SL/1R
692	life	3.0721680667454825	1SL/1R
693	which	8.6085298323232	1SL/1R
694	bare	15.262465358689392	1SL/1R
695	twelve	18.393470645659693	1SL/1R
696	manner	16.119258197228643	1SL/1R
697	of	1.0337249795862704	1SL/1R
698	fruits	7.549788534203649	1SL/1R
699	and	1.675683187310859	1SL/1R
700	yielded	12.508388953247884	1SL/1R
701	her	8.725411269262327	1SL/1R
702	fruit	4.871753418053503	1SL/1R
703	every	0.6634542143134757	1SL/1R
704	month	4.991199884462726	1SL/1R
705	and	3.1741527298364915	1SL/1R
706	the	5.0282352727589466	1SL/1R
707	leaves	14.606907323972292	1SL/1R
708	of	0.2742605573438301	1SL/1R
709	the	1.2316092855604712	1SL/1R
710	tree	1.8585370576930378	1SL/1R
711	were	4.686849996600948	1SL/1R
712	for	7.467302834603125	1SL/1R
713	the	3.4555375804992994	1SL/1R
714	healing	10.523774434770383	1SL/1R
715	of	1.373791112830733	1SL/1R
716	the	2.7897102045304067	1SL/1R
717	nations	12.67913335965918	1SL/1R
718	.	0.10753824636272911	1SL/1R
719	And	2.9231221134516905	1SL/1R
720	there	7.946649946506949	1SL/1R
721	shall	8.296044692462	1SL/1R
722	be	0.019709167291633724	1SL/1R
723	no	0.4680441536967856	1SL/1R
724	more	1.2763668627371276	1SL/1R
725	curse	16.51017726836843	1SL/1R
726	but	8.452779372801086	1SL/1R
727	the	1.5580492369201682	1SL/1R
728	throne	15.398324862792613	1SL/1R
729	of	0.048375645729509975	1SL/1R
730	God	2.9481893224715945	1SL/1R
731	and	1.014289022704474	1SL/1R
732	of	1.732502189344953	1SL/1R
733	the	0.2341297848412462	1SL/1R
734	Lamb	8.811961924574998	1SL/1R
735	shall	0.1428108642209609	1SL/1R
736	be	2.4424512257607307	1SL/1R
737	in	3.500498712282979	1SL/1R
738	it	5.602354349160523	1SL/1R
739	and	1.822342778398854	1SL/1R
740	his	1.3626620438960935	1SL/1R
741	servants	8.754253208370262	1SL/1R
742	shall	0.1807083877989198	1SL/1R
743	serve	4.26620077654198	1SL/1R
744	him	1.5990650744300023	1SL/1R
745	.	0.15772658696410397	1SL/1R
746	And	5.432811797818899	1SL/1R
747	they	6.037810549683668	1SL/1R
748	shall	7.882373384271602	1SL/1R
749	see	8.20352295529715	1SL/1R
750	his	2.5607187251990267	1SL/1R
751	face	1.8192444628461415	1SL/1R
752	and	2.151967780106265	1SL/1R
753	his	0.06886881390434053	1SL/1R
754	name	5.720572341495108	1SL/1R
755	shall	0.7816000981153993	1SL/1R
756	be	1.591325336933142	1SL/1R
757	in	1.053258604120514	1SL/1R
758	their	0.8510961616354058	1SL/1R
759	forehead	8.205372836674771	1SL/1R
760	##s	0.020119118358223786	1SL/1R
761	.	0.14373852729034842	1SL/1R
762	And	2.9231221134516905	1SL/1R
763	there	7.946649946506949	1SL/1R
764	shall	8.296044692462	1SL/1R
765	be	0.019709167291633724	1SL/1R
766	no	2.7213442438156847	1SL/1R
767	night	10.48308077698449	1SL/1R
768	there	7.373064702787391	1SL/1R
769	and	4.585090289490116	1SL/1R
770	they	8.120364684765898	1SL/1R
771	need	7.318130968279518	1SL/1R
772	no	0.7340263397975927	1SL/1R
773	candle	13.331353238555756	1SL/1R
774	neither	17.10379039801185	1SL/1R
775	light	5.061871016350284	1SL/1R
776	of	4.96294124386587	1SL/1R
777	the	0.3909349149366246	1SL/1R
778	sun	4.1932159767339074	1SL/1R
779	for	11.127710265514006	1SL/1R
780	the	0.7594035666253529	1SL/1R
781	Lord	3.6273348375235366	1SL/1R
782	God	9.288988469198683	1SL/1R
783	give	9.753964159500958	1SL/1R
784	##th	4.75911872343121	1SL/1R
785	them	3.899441759051033	1SL/1R
786	light	4.469886137938165	1SL/1R
787	and	0.8660400398968052	1SL/1R
788	they	1.9498811632742674	1SL/1R
789	shall	0.2712916258001283	1SL/1R
790	reign	12.907212540054337	1SL/1R
791	for	0.1760449708751649	1SL/1R
792	ever	4.276739238539132	1SL/1R
793	and	0.1163576287164456	1SL/1R
794	ever	0.1783414186326326	1SL/1R
795	.	0.1256505557026983	1SL/1R
796	And	5.463864740212222	1SL/1R
797	he	1.6028152690499555	1SL/1R
798	said	4.389793266192339	1SL/1R
799	unto	8.490200475732188	1SL/1R
800	me	0.9538928251776495	1SL/1R
801	These	19.22917996513059	1SL/1R
802	saying	6.138347947668394	1SL/1R
803	##s	0.0012267577234055902	1SL/1R
804	are	2.152911677196722	1SL/1R
805	faithful	11.326471908677616	1SL/1R
806	and	0.09520719095668524	1SL/1R
807	true	1.299211701911023	1SL/1R
808	and	4.184472656724477	1SL/1R
809	the	2.5624542720146772	1SL/1R
810	Lord	2.619137491142149	1SL/1R
811	God	5.0486418186946915	1SL/1R
812	of	5.50443148559199	1SL/1R
813	the	1.5792025774189133	1SL/1R
814	holy	4.963760641123756	1SL/1R
815	prophet	5.2779861210118435	1SL/1R
816	##s	0.8063735789244393	1SL/1R
817	sent	7.526321620796208	1SL/1R
818	his	3.90176739669369	1SL/1R
819	angel	8.26981162524157	1SL/1R
820	to	1.9939078408563315	1SL/1R
821	she	3.9663333550675786	1SL/1R
822	##w	5.0769176569124514	1SL/1R
823	unto	7.814977149616881	1SL/1R
824	his	1.1503591501420072	1SL/1R
825	servants	9.620793125834307	1SL/1R
826	the	5.525747570084881	1SL/1R
827	things	4.172575300705599	1SL/1R
828	which	2.808563154521278	1SL/1R
829	must	10.764081313826031	1SL/1R
830	shortly	13.438616485272508	1SL/1R
831	be	0.0015052892563188816	1SL/1R
832	done	1.3864584822808717	1SL/1R
833	.	0.176368715957437	1SL/1R
834	Be	2.2197778466026494	1SL/1R
835	##hold	7.266162926666939	1SL/1R
836	I	6.691283937675126	1SL/1R
837	come	6.943426446661867	1SL/1R
838	quickly	12.953993772037553	1SL/1R
839	blessed	13.446539209947119	1SL/1R
840	is	5.26625589849128	1SL/1R
841	he	6.8581770847984815	1SL/1R
842	that	8.579055997129755	1SL/1R
843	keep	9.915409577237574	1SL/1R
844	##eth	4.3796974923235545	1SL/1R
845	the	4.401748565799381	1SL/1R
846	saying	11.34776103909735	1SL/1R
847	##s	0.03425542874238407	1SL/1R
848	of	0.2519007376054479	1SL/1R
849	the	0.2917379535974169	1SL/1R
850	prophecy	10.915575667946815	1SL/1R
851	of	2.859608465530895	1SL/1R
852	this	2.292663724512186	1SL/1R
853	book	6.519415008417847	1SL/1R
854	.	0.19123619629029956	1SL/1R
855	And	3.4962934930746137	1SL/1R
856	I	10.456371747335078	1SL/1R
857	John	17.795804706035593	1SL/1R
858	saw	7.22463436543639	1SL/1R
859	these	2.74026047111511	1SL/1R
860	things	2.225033624683288	1SL/1R
861	and	0.9109282985530167	1SL/1R
862	heard	4.717101338366434	1SL/1R
863	them	2.1072951636224895	1SL/1R
864	And	16.09374023706754	1SL/1R
865	when	7.880731925099157	1SL/1R
866	I	0.7131945209238031	1SL/1R
867	had	1.5692982355937228	1SL/1R
868	heard	7.020890599034687	1SL/1R
869	and	0.2364646317010057	1SL/1R
870	seen	3.72397941828522	1SL/1R
871	I	6.303454563524905	1SL/1R
872	fell	4.290495015134374	1SL/1R
873	down	2.225454509077321	1SL/1R
874	to	0.45757879294915466	1SL/1R
875	worship	15.66655048002716	1SL/1R
876	before	8.327104567778964	1SL/1R
877	the	4.860057448651884	1SL/1R
878	feet	7.6578375509104974	1SL/1R
879	of	0.016102664302075565	1SL/1R
880	the	0.7947399516530365	1SL/1R
881	angel	7.785894361944395	1SL/1R
882	which	6.105833917727294	1SL/1R
883	she	3.727001953882641	1SL/1R
884	##wed	14.043177121938625	1SL/1R
885	me	3.1021654355490544	1SL/1R
886	these	0.4584993332555007	1SL/1R
887	things	0.6118202818218745	1SL/1R
888	.	0.17876524962418067	1SL/1R
889	Then	8.4941592561649	1SL/1R
890	sa	8.60770668775243	1SL/1R
891	##ith	1.7552449425111687	1SL/1R
892	he	9.257538827175374	1SL/1R
893	unto	9.406792864291464	1SL/1R
894	me	2.6202005899472587	1SL/1R
895	See	14.91281090016545	1SL/1R
896	thou	7.743304678433879	1SL/1R
897	do	4.17909145556879	1SL/1R
898	it	6.59374035861592	1SL/1R
899	not	10.654806615507066	1SL/1R
900	for	6.651408391683779	1SL/1R
901	I	0.1758213454806639	1SL/1R
902	am	2.0063253515037305	1SL/1R
903	thy	5.807621691811864	1SL/1R
904	fellows	18.17160547636183	1SL/1R
905	##er	6.4590172107217745	1SL/1R
906	##vant	2.6796096989564036	1SL/1R
907	and	4.554894701495246	1SL/1R
908	of	7.695101719160794	1SL/1R
909	thy	6.850282645912427	1SL/1R
910	br	10.952653387217403	1SL/1R
911	##eth	0.0013590448893497718	1SL/1R
912	##ren	0.001484629941562937	1SL/1R
913	the	3.295090478397905	1SL/1R
914	prophet	3.722807256904271	1SL/1R
915	##s	1.2200843123349374	1SL/1R
916	and	0.16542488863027616	1SL/1R
917	of	0.18868371707690607	1SL/1R
918	them	5.010311868604901	1SL/1R
919	which	6.91331950746807	1SL/1R
920	keep	8.467700321682624	1SL/1R
921	the	5.075683571144912	1SL/1R
922	saying	8.256719354574242	1SL/1R
923	##s	0.030163479598245724	1SL/1R
924	of	0.24044782629377626	1SL/1R
925	this	3.2409682469835954	1SL/1R
926	book	10.548874807361887	1SL/1R
927	worship	15.341394829460397	1SL/1R
928	God	13.7146144326823	1SL/1R
929	.	0.3121580041856146	1SL/1R
930	And	5.463864740212222	1SL/1R
931	he	3.516162947005357	1SL/1R
932	sa	2.2193024527936625	1SL/1R
933	##ith	1.4417527213587582	1SL/1R
934	unto	3.619363760121936	1SL/1R
935	me	9.899840095700133	1SL/1R
936	Seal	20.364502394061386	1SL/1R
937	not	12.42320763733947	1SL/1R
938	the	4.939028551362247	1SL/1R
939	saying	11.463853117267561	1SL/1R
940	##s	0.37006346675783713	1SL/1R
941	of	1.3556820350453036	1SL/1R
942	the	0.8096205292117293	1SL/1R
943	prophecy	11.939020472963836	1SL/1R
944	of	2.2930638261996465	1SL/1R
945	this	2.4674842644167905	1SL/1R
946	book	6.811036346238007	1SL/1R
947	for	8.446289742173201	1SL/1R
948	the	5.070853403116394	1SL/1R
949	time	7.675748021981228	1SL/1R
950	is	4.966733456018816	1SL/1R
951	at	0.32584232920016293	1SL/1R
952	hand	2.600881959320475	1SL/1R
953	.	0.25342335481626505	1SL/1R
954	He	8.670776578506215	1SL/1R
955	that	7.953171577186394	1SL/1R
956	is	3.2419173142559257	1SL/1R
957	un	11.551087447317277	1SL/1R
958	##ju	0.03267249452701888	1SL/1R
959	##st	0.01306621071862427	1SL/1R
960	let	13.691151201359997	1SL/1R
961	him	1.500412341846008	1SL/1R
962	be	3.5696750700909994	1SL/1R
963	un	0.05989201388056788	1SL/1R
964	##ju	2.2701888528575374e-05	1SL/1R
965	##st	0.0010227993307506008	1SL/1R
966	still	14.942218600571541	1SL/1R
967	and	4.332971858171072	1SL/1R
968	he	5.7022804613787645	1SL/1R
969	which	5.671969402026469	1SL/1R
970	is	0.08493066391726156	1SL/1R
971	filthy	15.980422675084462	1SL/1R
972	let	0.9220363928092593	1SL/1R
973	him	0.13453752640627314	1SL/1R
974	be	0.02605009393127821	1SL/1R
975	filthy	4.976298937525215	1SL/1R
976	still	0.5121023267920289	1SL/1R
977	and	0.5841183559108253	1SL/1R
978	he	0.6260818504388085	1SL/1R
979	that	0.44745613144289503	1SL/1R
980	is	0.030944217330340442	1SL/1R
981	right	0.15286502216981335	1SL/1R
982	##eous	5.68066070790833	1SL/1R
983	let	0.2931974288298076	1SL/1R
984	him	0.09114399602128113	1SL/1R
985	be	0.008377819558719366	1SL/1R
986	right	0.06164905856498488	1SL/1R
987	##eous	0.0007025481780534676	1SL/1R
988	still	0.2201566317167762	1SL/1R
989	and	0.15647472403094342	1SL/1R
990	he	0.5480749378532263	1SL/1R
991	that	0.18134322625869373	1SL/1R
992	is	0.011117376129945683	1SL/1R
993	holy	11.780704425735262	1SL/1R
994	let	0.1414209613231381	1SL/1R
995	him	0.06836876497099822	1SL/1R
996	be	0.009711798851333416	1SL/1R
997	holy	6.43229627851163	1SL/1R
998	still	0.03327541706891497	1SL/1R
999	.	0.29429063237433595	1SL/1R
1000	And	8.101171781258502	1SL/1R
1001	be	0.0669911679918068	1SL/1R
1002	##hold	6.218263099659351	1SL/1R
1003	I	5.08022084367394	1SL/1R
1004	come	6.718972165806916	1SL/1R
1005	quickly	11.544655846118426	1SL/1R
1006	and	9.18306714111996	1SL/1R
1007	my	7.221494392509603	1SL/1R
1008	reward	6.87629487963806	1SL/1R
1009	is	3.089797932609186	1SL/1R
1010	with	3.7294808098705388	1SL/1R
1011	me	2.9484373881040637	1SL/1R
1012	to	0.7552054632527195	1SL/1R
1013	give	8.835749954477896	1SL/1R
1014	every	6.8191511518402566	1SL/1R
1015	man	5.961020578708537	1SL/1R
1016	according	16.294992886722888	1SL/1R
1017	as	13.45709176909694	1SL/1R
1018	his	3.6776128532686068	1SL/1R
1019	work	10.551675327234994	1SL/1R
1020	shall	2.885898982456642	1SL/1R
1021	be	1.6131339359496806	1SL/1R
1022	.	0.12043142631473619	1SL/1R
1023	I	0.1391951820048699	1SL/1R
1024	am	0.35490936548411206	1SL/1R
1025	Alpha	13.110885908385058	1SL/1R
1026	and	0.28714474559935343	1SL/1R
1027	Omega	7.1892346177884425	1SL/1R
1028	the	4.040080555655889	1SL/1R
1029	beginning	12.970952437677672	1SL/1R
1030	and	2.839090386790884	1SL/1R
1031	the	0.007067972016337226	1SL/1R
1032	end	0.13002875981852313	1SL/1R
1033	the	0.43716483969332154	1SL/1R
1034	first	13.062170574382218	1SL/1R
1035	and	0.512938814170679	1SL/1R
1036	the	0.004639201796739069	1SL/1R
1037	last	0.42259445374069754	1SL/1R
1038	.	0.04759590735774332	1SL/1R
1039	Blessed	11.517301824060244	1SL/1R
1040	are	1.4622992139224138	1SL/1R
1041	they	3.5586165301487895	1SL/1R
1042	that	2.7238376747139474	1SL/1R
1043	do	7.745499569310233	1SL/1R
1044	his	11.72243661143806	1SL/1R
1045	command	0.6602319396209697	1SL/1R
1046	##ments	11.682067292318383	1SL/1R
1047	that	6.559589678844753	1SL/1R
1048	they	2.3590620444826262	1SL/1R
1049	may	3.2345663829801055	1SL/1R
1050	have	5.6227016819926074	1SL/1R
1051	right	8.019527769301689	1SL/1R
1052	to	1.1060105810300551	1SL/1R
1053	the	0.8137725403812738	1SL/1R
1054	tree	14.403448284894598	1SL/1R
1055	of	0.045135530874377376	1SL/1R
1056	life	0.5045858038824215	1SL/1R
1057	and	2.4271159275299703	1SL/1R
1058	may	1.2482575751547775	1SL/1R
1059	enter	9.012553556199759	1SL/1R
1060	in	8.620159880218104	1SL/1R
1061	through	6.788643103830807	1SL/1R
1062	the	1.2103577080608356	1SL/1R
1063	gates	8.1583536937581	1SL/1R
1064	into	9.614197488611069	1SL/1R
1065	the	0.28124065453888203	1SL/1R
1066	city	4.615992819174468	1SL/1R
1067	.	0.08362163731369213	1SL/1R
1068	For	8.67626996479026	1SL/1R
1069	without	15.177997190171387	1SL/1R
1070	are	8.529777061523232	1SL/1R
1071	dogs	16.29271565350963	1SL/1R
1072	and	4.0338708446669616	1SL/1R
1073	so	0.08420877012873938	1SL/1R
1074	##rcerer	1.1727580029315974	1SL/1R
1075	##s	0.027497718155144627	1SL/1R
1076	and	0.9048860047778438	1SL/1R
1077	whore	10.416163851939716	1SL/1R
1078	##mon	0.0009530125947296228	1SL/1R
1079	##gers	0.006328288058617203	1SL/1R
1080	and	0.12818789514532206	1SL/1R
1081	murderer	2.8942941442977355	1SL/1R
1082	##s	0.003313436204657	1SL/1R
1083	and	0.651336673078588	1SL/1R
1084	idol	0.7546402445477223	1SL/1R
1085	##ater	0.39074414522489226	1SL/1R
1086	##s	0.008831023030974659	1SL/1R
1087	and	8.587513106988686	1SL/1R
1088	who	8.859747343541072	1SL/1R
1089	##so	0.0016749650709736133	1SL/1R
1090	##ever	0.04907680102777493	1SL/1R
1091	love	6.985344888981304	1SL/1R
1092	##th	10.074210252582223	1SL/1R
1093	and	4.459381798273355	1SL/1R
1094	make	9.188180640330973	1SL/1R
1095	##th	4.174522730355479	1SL/1R
1096	a	3.0874874134808397	1SL/1R
1097	lie	8.907224151520854	1SL/1R
1098	.	0.24339216869679633	1SL/1R
1099	I	9.860108801124575	1SL/1R
1100	Jesus	21.018628264225335	1SL/1R
1101	have	5.609430717584612	1SL/1R
1102	sent	9.826143257685391	1SL/1R
1103	mine	10.684916238672526	1SL/1R
1104	angel	14.303048175245555	1SL/1R
1105	to	0.15967519449369183	1SL/1R
1106	testify	12.112930118218861	1SL/1R
1107	unto	9.293815870935799	1SL/1R
1108	you	1.9268104672962616	1SL/1R
1109	these	3.656690239950801	1SL/1R
1110	things	2.3309989477482946	1SL/1R
1111	in	4.698323798654603	1SL/1R
1112	the	1.9555857014849702	1SL/1R
1113	churches	9.990633340264448	1SL/1R
1114	I	0.7149528675807427	1SL/1R
1115	am	6.997618802595878	1SL/1R
1116	the	3.407339264108623	1SL/1R
1117	root	15.318414128751417	1SL/1R
1118	and	3.5547122975065344	1SL/1R
1119	the	0.8018073803181442	1SL/1R
1120	offspring	11.498029220415841	1SL/1R
1121	of	0.15897204842598742	1SL/1R
1122	David	8.857045836271165	1SL/1R
1123	and	1.5116508570656904	1SL/1R
1124	the	0.8981480441831213	1SL/1R
1125	bright	15.005775975436151	1SL/1R
1126	and	8.158808843089817	1SL/1R
1127	morning	11.273546387815442	1SL/1R
1128	star	4.160444803275577	1SL/1R
1129	.	0.17419668244512937	1SL/1R
1130	And	6.438466500443116	1SL/1R
1131	the	1.9800818591319826	1SL/1R
1132	Spirit	13.355030452772025	1SL/1R
1133	and	4.359713133378781	1SL/1R
1134	the	0.3733861450797874	1SL/1R
1135	bride	16.836612901060896	1SL/1R
1136	say	12.067541922783168	1SL/1R
1137	Come	15.517069472803403	1SL/1R
1138	And	8.679161861229645	1SL/1R
1139	let	7.136709234189736	1SL/1R
1140	him	6.395549703503191	1SL/1R
1141	that	10.219531018764743	1SL/1R
1142	hear	6.857345390543675	1SL/1R
1143	##eth	7.379756566515739	1SL/1R
1144	say	5.4785839486922026	1SL/1R
1145	Come	3.7255336876827316	1SL/1R
1146	And	1.0217031712443343	1SL/1R
1147	let	0.9020599922078597	1SL/1R
1148	him	0.2103916344866283	1SL/1R
1149	that	0.22106844732049985	1SL/1R
1150	is	11.212791689136045	1SL/1R
1151	at	9.264132279153635	1SL/1R
1152	##hir	8.270668653877346	1SL/1R
1153	##st	1.1933982636988743	1SL/1R
1154	come	4.1551409253626055	1SL/1R
1155	And	1.558066328434496	1SL/1R
1156	who	5.727598592691346	1SL/1R
1157	##so	0.025018677647557414	1SL/1R
1158	##ever	0.006463721555015555	1SL/1R
1159	will	1.2271911132579851	1SL/1R
1160	let	6.485204814651313	1SL/1R
1161	him	1.7109980838074395	1SL/1R
1162	take	6.354808742091375	1SL/1R
1163	the	1.7265838416288246	1SL/1R
1164	water	9.375009040451557	1SL/1R
1165	of	0.31485887620177105	1SL/1R
1166	life	4.3503781604628715	1SL/1R
1167	freely	7.206375855294009	1SL/1R
1168	.	0.7916535487989234	1SL/1R
1169	For	11.238677343472053	1SL/1R
1170	I	10.90996804395271	1SL/1R
1171	testify	10.94439418025826	1SL/1R
1172	unto	8.088762185428017	1SL/1R
1173	every	2.937955180223868	1SL/1R
1174	man	3.3473595918969044	1SL/1R
1175	that	7.103971524513645	1SL/1R
1176	hear	6.668530148760214	1SL/1R
1177	##eth	0.20022946389030938	1SL/1R
1178	the	4.422938998796978	1SL/1R
1179	words	2.0835013601739725	1SL/1R
1180	of	0.1207866853908972	1SL/1R
1181	the	0.526857368089476	1SL/1R
1182	prophecy	10.891525633415322	1SL/1R
1183	of	1.1263788493591511	1SL/1R
1184	this	2.060128852432047	1SL/1R
1185	book	7.881251996288047	1SL/1R
1186	If	9.763854826583005	1SL/1R
1187	any	3.286142815729493	1SL/1R
1188	man	0.6132007549722704	1SL/1R
1189	shall	3.8824653269881506	1SL/1R
1190	add	8.781457456725924	1SL/1R
1191	unto	3.6000271909964465	1SL/1R
1192	these	2.0765461959315124	1SL/1R
1193	things	5.802559961198541	1SL/1R
1194	God	7.802683404543065	1SL/1R
1195	shall	0.09971220611540343	1SL/1R
1196	add	3.018577829079401	1SL/1R
1197	unto	0.15977499947915874	1SL/1R
1198	him	0.7343281587252041	1SL/1R
1199	the	1.5337689135136234	1SL/1R
1200	plague	8.849059049538589	1SL/1R
1201	##s	1.9744797045111941	1SL/1R
1202	that	0.8772037527677715	1SL/1R
1203	are	0.6042020501646902	1SL/1R
1204	written	11.040922146867782	1SL/1R
1205	in	1.4756399063389558	1SL/1R
1206	this	0.23733795595505186	1SL/1R
1207	book	0.14987612838415587	1SL/1R
1208	.	0.32098183426787047	1SL/1R
1209	And	2.7000381193100553	1SL/1R
1210	if	0.4139491450686093	1SL/1R
1211	any	5.929670031913265	1SL/1R
1212	man	4.7124788183901165	1SL/1R
1213	shall	10.569061568008356	1SL/1R
1214	take	10.775564152777273	1SL/1R
1215	away	7.9354419079402385	1SL/1R
1216	from	4.073733236555999	1SL/1R
1217	the	4.088237094514408	1SL/1R
1218	words	9.166556368280029	1SL/1R
1219	of	0.24085087684119208	1SL/1R
1220	the	1.9611221929662748	1SL/1R
1221	book	9.636824916977497	1SL/1R
1222	of	2.214042139100659	1SL/1R
1223	this	5.94631850661375	1SL/1R
1224	prophecy	15.110368021175358	1SL/1R
1225	God	8.992435089512332	1SL/1R
1226	shall	0.37965039133915274	1SL/1R
1227	take	0.11636517908123686	1SL/1R
1228	away	0.3530273858041294	1SL/1R
1229	his	1.327300698817895	1SL/1R
1230	part	12.29053634853408	1SL/1R
1231	out	5.918594257299821	1SL/1R
1232	of	0.15722574978750178	1SL/1R
1233	the	0.5998118838419485	1SL/1R
1234	book	0.9486441697136427	1SL/1R
1235	of	0.15735482676805176	1SL/1R
1236	life	9.696255895477869	1SL/1R
1237	and	1.6482620708944173	1SL/1R
1238	out	7.014805248253804	1SL/1R
1239	of	0.03704655704728645	1SL/1R
1240	the	0.39877124335167197	1SL/1R
1241	holy	1.8965127205127237	1SL/1R
1242	city	8.623836447385456	1SL/1R
1243	and	0.5265932476812095	1SL/1R
1244	from	1.9322357780083816	1SL/1R
1245	the	8.781818300210857	1SL/1R
1246	things	7.91865098733253	1SL/1R
1247	which	2.0751566955503153	1SL/1R
1248	are	0.5547769699662017	1SL/1R
1249	written	6.736450110946221	1SL/1R
1250	in	0.776780137202027	1SL/1R
1251	this	1.2666978809882363	1SL/1R
1252	book	0.3722432675753657	1SL/1R
1253	.	0.13552732675082863	1SL/1R
1254	He	8.724712076742225	1SL/1R
1255	which	15.902051475409872	1SL/1R
1256	test	14.553823976212465	1SL/1R
1257	##if	4.24450510655427	1SL/1R
1258	##iet	1.507857329236921	1SL/1R
1259	##h	4.148895410561135	1SL/1R
1260	these	6.663703616435769	1SL/1R
1261	things	4.33575357973879	1SL/1R
1262	sa	5.0452926698813885	1SL/1R
1263	##ith	1.5687282578998671	1SL/1R
1264	Surely	16.285621462342903	1SL/1R
1265	I	5.059514067101277	1SL/1R
1266	come	8.629646363353599	1SL/1R
1267	quickly	11.576108797495982	1SL/1R
1268	Am	5.409340771820377	1SL/1R
1269	##en	5.125380295680117	1SL/1R
1270	Even	14.785481657134346	1SL/1R
1271	so	9.13079485644944	1SL/1R
1272	come	15.910440898762472	1SL/1R
1273	Lord	3.960779880243644	1SL/1R
1274	Jesus	5.769393284745224	1SL/1R
1275	.	0.36783380155845874	1SL/1R
1276	The	4.641489238094345	1SL/1R
1277	grace	16.196401544623026	1SL/1R
1278	of	0.18558475561189913	1SL/1R
1279	our	4.8403406576363635	1SL/1R
1280	Lord	0.0493857270169047	1SL/1R
1281	Jesus	0.055091738155854615	1SL/1R
1282	Christ	7.431337916203929	1SL/1R
1283	be	11.885014948572548	1SL/1R
1284	with	1.0130123252760768	1SL/1R
1285	you	1.6709702938894802	1SL/1R
1286	all	11.853650721312208	1SL/1R
1287	Am	1.8213129644408572	1SL/1R
1288	##en	0.12838470613469236	1SL/1R
1289	.	0.1421887676669191	1SL/1R
1290	And	5.395216160728747	1SL/2R
1291	he	2.9753667167096283	1SL/2R
1292	she	5.876893572561284	1SL/2R
1293	##wed	3.764734105555519	1SL/2R
1294	me	4.033377938084073	1SL/2R
1295	a	1.154460753883245	1SL/2R
1296	pure	8.132099446124348	1SL/2R
1297	river	9.80344274589184	1SL/2R
1298	of	0.7576105887716378	1SL/2R
1299	water	4.694362094588316	1SL/2R
1300	of	6.1994079309629715	1SL/2R
1301	life	5.753984027037853	1SL/2R
1302	clear	3.141732284912639	1SL/2R
1303	as	0.4937209939611877	1SL/2R
1304	crystal	10.213681409351645	1SL/2R
1305	proceeding	17.16702376777595	1SL/2R
1306	out	0.11374933962462426	1SL/2R
1307	of	0.6001782640474965	1SL/2R
1308	the	1.0568034077421518	1SL/2R
1309	throne	10.954401462653857	1SL/2R
1310	of	0.030523186560057466	1SL/2R
1311	God	2.496251888438395	1SL/2R
1312	and	1.1874305645897572	1SL/2R
1313	of	2.559565978974908	1SL/2R
1314	the	0.050226621890187687	1SL/2R
1315	Lamb	9.252948017542105	1SL/2R
1316	.	0.08300869304809393	1SL/2R
1317	In	0.3221102790129479	1SL/2R
1318	the	0.002558703778114298	1SL/2R
1319	midst	7.728836647087384	1SL/2R
1320	of	0.001230716694778973	1SL/2R
1321	the	0.26554392224275636	1SL/2R
1322	street	14.30048791047324	1SL/2R
1323	of	6.352722745697677	1SL/2R
1324	it	6.744814351862432	1SL/2R
1325	and	3.401837179516066	1SL/2R
1326	on	0.5802340706770059	1SL/2R
1327	either	1.7150971287708774	1SL/2R
1328	side	0.03073803481368765	1SL/2R
1329	of	0.11938111914671122	1SL/2R
1330	the	0.03025392481276123	1SL/2R
1331	river	4.785344263302168	1SL/2R
1332	was	3.348336324149605	1SL/2R
1333	there	5.521277895280234	1SL/2R
1334	the	2.778675445522614	1SL/2R
1335	tree	5.014674502291042	1SL/2R
1336	of	0.016050752208315828	1SL/2R
1337	life	4.4289446762162665	1SL/2R
1338	which	10.14397775747984	1SL/2R
1339	bare	15.40085443989532	1SL/2R
1340	twelve	16.740997853705245	1SL/2R
1341	manner	12.348171573920395	1SL/2R
1342	of	1.7389640689136003	1SL/2R
1343	fruits	6.7179531367686875	1SL/2R
1344	and	1.7991361086964361	1SL/2R
1345	yielded	9.329729948566731	1SL/2R
1346	her	8.022809706814307	1SL/2R
1347	fruit	1.6130990807980168	1SL/2R
1348	every	0.6576685161284678	1SL/2R
1349	month	5.186889161780936	1SL/2R
1350	and	3.9658614760342163	1SL/2R
1351	the	2.3474902223063037	1SL/2R
1352	leaves	14.73883447839187	1SL/2R
1353	of	0.06123207132362371	1SL/2R
1354	the	1.3215651281701646	1SL/2R
1355	tree	1.3203843878859944	1SL/2R
1356	were	3.812680098238775	1SL/2R
1357	for	0.5531453819770491	1SL/2R
1358	the	0.7704877486766241	1SL/2R
1359	healing	10.785079591033503	1SL/2R
1360	of	0.0328105119013385	1SL/2R
1361	the	2.305616180062187	1SL/2R
1362	nations	12.67913335965918	1SL/2R
1363	.	0.10753824636272911	1SL/2R
1364	And	1.5167815470023973	1SL/2R
1365	there	6.026814153390798	1SL/2R
1366	shall	8.029110868531749	1SL/2R
1367	be	0.007817027070034427	1SL/2R
1368	no	0.23265557367244527	1SL/2R
1369	more	1.9960501549235794	1SL/2R
1370	curse	13.207066461926358	1SL/2R
1371	but	12.178455855327352	1SL/2R
1372	the	0.7221772730007979	1SL/2R
1373	throne	14.288187272912756	1SL/2R
1374	of	0.08584036131540693	1SL/2R
1375	God	2.584860819562162	1SL/2R
1376	and	0.514812518825801	1SL/2R
1377	of	0.7352262646300066	1SL/2R
1378	the	0.06820539610454016	1SL/2R
1379	Lamb	9.34072854004044	1SL/2R
1380	shall	0.27078183547308354	1SL/2R
1381	be	1.8117099840946989	1SL/2R
1382	in	3.472424442391325	1SL/2R
1383	it	6.226708943932627	1SL/2R
1384	and	2.1186711933668323	1SL/2R
1385	his	1.0994717281331472	1SL/2R
1386	servants	8.12670449988343	1SL/2R
1387	shall	0.34411306062933456	1SL/2R
1388	serve	3.9543028199494135	1SL/2R
1389	him	1.5990650744300023	1SL/2R
1390	.	0.15772658696410397	1SL/2R
1391	And	2.014623249631559	1SL/2R
1392	they	6.455089910147286	1SL/2R
1393	shall	8.901086992134772	1SL/2R
1394	see	2.5312263270701623	1SL/2R
1395	his	2.8105835076391763	1SL/2R
1396	face	2.063595875264769	1SL/2R
1397	and	0.5710751837226757	1SL/2R
1398	his	0.06743225959696446	1SL/2R
1399	name	3.2205060595234833	1SL/2R
1400	shall	0.8514563888755149	1SL/2R
1401	be	1.1939575584315885	1SL/2R
1402	in	4.721401238654429	1SL/2R
1403	their	0.029353413591124606	1SL/2R
1404	forehead	6.332171631270301	1SL/2R
1405	##s	0.020119118358223786	1SL/2R
1406	.	0.14373852729034842	1SL/2R
1407	And	1.5167815470023973	1SL/2R
1408	there	6.026814153390798	1SL/2R
1409	shall	8.029110868531749	1SL/2R
1410	be	0.04435328480569249	1SL/2R
1411	no	2.2679245148841636	1SL/2R
1412	night	10.323979241534872	1SL/2R
1413	there	8.191935897547625	1SL/2R
1414	and	5.579377054353908	1SL/2R
1415	they	5.958567603931713	1SL/2R
1416	need	6.233018755145041	1SL/2R
1417	no	0.2938608838036476	1SL/2R
1418	candle	12.792419169049426	1SL/2R
1419	neither	16.631631022926523	1SL/2R
1420	light	4.640169088156802	1SL/2R
1421	of	4.547390747433871	1SL/2R
1422	the	0.4027922809131069	1SL/2R
1423	sun	4.440276332552572	1SL/2R
1424	for	9.14478542860057	1SL/2R
1425	the	0.625143586378395	1SL/2R
1426	Lord	3.0066486675458055	1SL/2R
1427	God	5.29619039730675	1SL/2R
1428	give	4.448620061169441	1SL/2R
1429	##th	3.759177521405513	1SL/2R
1430	them	3.8480816620948586	1SL/2R
1431	light	4.638242519026422	1SL/2R
1432	and	0.4650532654169218	1SL/2R
1433	they	1.8154047358608334	1SL/2R
1434	shall	0.3447085139908851	1SL/2R
1435	reign	10.40061308795984	1SL/2R
1436	for	0.19964057542225866	1SL/2R
1437	ever	0.6611030192710102	1SL/2R
1438	and	0.07960080053073942	1SL/2R
1439	ever	0.1783414186326326	1SL/2R
1440	.	0.1256505557026983	1SL/2R
1441	And	2.2752139927270654	1SL/2R
1442	he	1.6656735142860788	1SL/2R
1443	said	3.647203013848418	1SL/2R
1444	unto	5.632299181308121	1SL/2R
1445	me	0.9881769597268505	1SL/2R
1446	These	9.274499143159863	1SL/2R
1447	saying	8.396015819856641	1SL/2R
1448	##s	0.003397128198311414	1SL/2R
1449	are	2.356483192548687	1SL/2R
1450	faithful	9.655385638648102	1SL/2R
1451	and	0.09356571212250789	1SL/2R
1452	true	1.6580633232752102	1SL/2R
1453	and	7.318704315994079	1SL/2R
1454	the	2.0658946992517024	1SL/2R
1455	Lord	4.552407834346576	1SL/2R
1456	God	4.3102411617492145	1SL/2R
1457	of	4.259309053699804	1SL/2R
1458	the	0.6737429301620184	1SL/2R
1459	holy	5.4684068657513585	1SL/2R
1460	prophet	4.525844137269341	1SL/2R
1461	##s	0.5279696323462281	1SL/2R
1462	sent	6.403046732745103	1SL/2R
1463	his	3.761910631596835	1SL/2R
1464	angel	8.40445783319805	1SL/2R
1465	to	0.4612157084554554	1SL/2R
1466	she	3.6284837564815944	1SL/2R
1467	##w	6.268396216469768	1SL/2R
1468	unto	5.900487647485033	1SL/2R
1469	his	1.1811199480862093	1SL/2R
1470	servants	8.547745057981455	1SL/2R
1471	the	2.8368515651940998	1SL/2R
1472	things	4.085322353764293	1SL/2R
1473	which	5.309511732315422	1SL/2R
1474	must	5.885440774003556	1SL/2R
1475	shortly	13.71823336167044	1SL/2R
1476	be	0.0008856384679256539	1SL/2R
1477	done	1.3864584822808717	1SL/2R
1478	.	0.176368715957437	1SL/2R
1479	Be	0.26345169608822894	1SL/2R
1480	##hold	6.678220643376113	1SL/2R
1481	I	4.51007611085964	1SL/2R
1482	come	10.649356028826077	1SL/2R
1483	quickly	15.022578129549357	1SL/2R
1484	blessed	15.997523856159896	1SL/2R
1485	is	3.654497428925838	1SL/2R
1486	he	7.472344150525552	1SL/2R
1487	that	3.060243341326228	1SL/2R
1488	keep	9.06700350879478	1SL/2R
1489	##eth	6.462753038124668	1SL/2R
1490	the	1.5641985206541422	1SL/2R
1491	saying	11.423962744914885	1SL/2R
1492	##s	0.027463273674014303	1SL/2R
1493	of	0.7138403391036106	1SL/2R
1494	the	0.29094564465937917	1SL/2R
1495	prophecy	10.803434191511071	1SL/2R
1496	of	5.536791337618529	1SL/2R
1497	this	1.8718789922369123	1SL/2R
1498	book	6.519415008417847	1SL/2R
1499	.	0.19123619629029956	1SL/2R
1500	And	8.973151896045305	1SL/2R
1501	I	12.750655611017704	1SL/2R
1502	John	17.02066438903024	1SL/2R
1503	saw	7.735443433749172	1SL/2R
1504	these	1.8602241557444932	1SL/2R
1505	things	2.4776184174008917	1SL/2R
1506	and	1.0745432616058288	1SL/2R
1507	heard	3.4179029369150378	1SL/2R
1508	them	2.4024826333279763	1SL/2R
1509	And	14.764474501842061	1SL/2R
1510	when	7.332946079398384	1SL/2R
1511	I	0.2623326121661803	1SL/2R
1512	had	1.8727836696131304	1SL/2R
1513	heard	2.752745512061056	1SL/2R
1514	and	0.12774878574814708	1SL/2R
1515	seen	6.060369047506473	1SL/2R
1516	I	3.999764059097165	1SL/2R
1517	fell	5.83830590429017	1SL/2R
1518	down	2.145649960806211	1SL/2R
1519	to	0.42329573400175663	1SL/2R
1520	worship	14.137798160115072	1SL/2R
1521	before	9.555866985429542	1SL/2R
1522	the	0.2983914850811739	1SL/2R
1523	feet	8.086291636601928	1SL/2R
1524	of	0.0061724861656339254	1SL/2R
1525	the	0.794924940155059	1SL/2R
1526	angel	6.511906124871024	1SL/2R
1527	which	6.078240402728814	1SL/2R
1528	she	3.5946112764264067	1SL/2R
1529	##wed	13.418421267461477	1SL/2R
1530	me	3.1754911194122237	1SL/2R
1531	these	0.2673806185146953	1SL/2R
1532	things	0.6118202818218745	1SL/2R
1533	.	0.17876524962418067	1SL/2R
1534	Then	7.647514412596729	1SL/2R
1535	sa	3.3807654526608526	1SL/2R
1536	##ith	0.11205253179993624	1SL/2R
1537	he	9.874599300324322	1SL/2R
1538	unto	9.288221504765794	1SL/2R
1539	me	1.2115010004576185	1SL/2R
1540	See	18.282816225886705	1SL/2R
1541	thou	9.3670725647464	1SL/2R
1542	do	4.366712609231954	1SL/2R
1543	it	4.771064787937954	1SL/2R
1544	not	10.620341232396376	1SL/2R
1545	for	5.076632613740632	1SL/2R
1546	I	0.02631997334456216	1SL/2R
1547	am	3.2134614453780235	1SL/2R
1548	thy	4.530490954624875	1SL/2R
1549	fellows	19.587826487959557	1SL/2R
1550	##er	9.590302457448608	1SL/2R
1551	##vant	2.021018681203738	1SL/2R
1552	and	2.766618910901513	1SL/2R
1553	of	8.410601098304832	1SL/2R
1554	thy	1.9136596505957104	1SL/2R
1555	br	0.0001566847030429772	1SL/2R
1556	##eth	0.0001432686616713663	1SL/2R
1557	##ren	0.02675659837013908	1SL/2R
1558	the	4.908026859372577	1SL/2R
1559	prophet	3.896698423035347	1SL/2R
1560	##s	0.48510226362632103	1SL/2R
1561	and	0.6735382812244272	1SL/2R
1562	of	0.2202301567990935	1SL/2R
1563	them	5.319052596294868	1SL/2R
1564	which	8.078164328086459	1SL/2R
1565	keep	7.759135605772643	1SL/2R
1566	the	2.3079010034218905	1SL/2R
1567	saying	7.977879101101554	1SL/2R
1568	##s	0.01807923448041122	1SL/2R
1569	of	1.4368602983397911	1SL/2R
1570	this	4.144797597497179	1SL/2R
1571	book	9.01609344694301	1SL/2R
1572	worship	15.82112273830858	1SL/2R
1573	God	13.7146144326823	1SL/2R
1574	.	0.3121580041856146	1SL/2R
1575	And	2.7992302290162576	1SL/2R
1576	he	3.3107402386943243	1SL/2R
1577	sa	0.19503811176358285	1SL/2R
1578	##ith	1.187006138489842	1SL/2R
1579	unto	3.727484541718583	1SL/2R
1580	me	9.842798031307677	1SL/2R
1581	Seal	20.321687962599025	1SL/2R
1582	not	12.757977440543748	1SL/2R
1583	the	3.6441257762684383	1SL/2R
1584	saying	9.981504013493128	1SL/2R
1585	##s	0.09666966117599846	1SL/2R
1586	of	3.7423290274594603	1SL/2R
1587	the	0.6101120339130511	1SL/2R
1588	prophecy	12.436573161691154	1SL/2R
1589	of	1.5406274195242753	1SL/2R
1590	this	2.7158932243623592	1SL/2R
1591	book	7.085387311219344	1SL/2R
1592	for	6.2391899193913645	1SL/2R
1593	the	4.102774755148185	1SL/2R
1594	time	5.434681142159952	1SL/2R
1595	is	0.8726891926907776	1SL/2R
1596	at	0.09668124701261172	1SL/2R
1597	hand	2.600881959320475	1SL/2R
1598	.	0.25342335481626505	1SL/2R
1599	He	11.254889297802322	1SL/2R
1600	that	9.030190700377027	1SL/2R
1601	is	1.9962256228164499	1SL/2R
1602	un	0.2558474676508735	1SL/2R
1603	##ju	0.022749777936635775	1SL/2R
1604	##st	0.019101342868334467	1SL/2R
1605	let	8.894474765876852	1SL/2R
1606	him	1.2369687199177823	1SL/2R
1607	be	0.5399346238023937	1SL/2R
1608	un	0.012230475297061377	1SL/2R
1609	##ju	7.739240047104371e-06	1SL/2R
1610	##st	0.0010602325715090431	1SL/2R
1611	still	15.343475409838078	1SL/2R
1612	and	6.099207432867188	1SL/2R
1613	he	1.3866077654281141	1SL/2R
1614	which	5.836315777926335	1SL/2R
1615	is	0.0736171291989689	1SL/2R
1616	filthy	15.762707603917937	1SL/2R
1617	let	0.31764486815647536	1SL/2R
1618	him	0.09118933834188132	1SL/2R
1619	be	0.010996495331538732	1SL/2R
1620	filthy	5.9258696462846485	1SL/2R
1621	still	0.4322510255939426	1SL/2R
1622	and	1.4162005706949836	1SL/2R
1623	he	0.42821275969702066	1SL/2R
1624	that	0.5258708800940531	1SL/2R
1625	is	0.0135020539161164	1SL/2R
1626	right	0.20768252101326018	1SL/2R
1627	##eous	6.403399378485892	1SL/2R
1628	let	0.12280762273315912	1SL/2R
1629	him	0.10192500976384597	1SL/2R
1630	be	0.005034968715340013	1SL/2R
1631	right	0.10726190967941455	1SL/2R
1632	##eous	0.0017035476388529312	1SL/2R
1633	still	0.20924196338313544	1SL/2R
1634	and	0.31051637919934905	1SL/2R
1635	he	0.33221201097859865	1SL/2R
1636	that	0.1111817018568381	1SL/2R
1637	is	0.008307243702772764	1SL/2R
1638	holy	12.194735345330507	1SL/2R
1639	let	0.05247863065863838	1SL/2R
1640	him	0.03669298228228867	1SL/2R
1641	be	0.005517680378517514	1SL/2R
1642	holy	8.296420387505727	1SL/2R
1643	still	0.03327541706891497	1SL/2R
1644	.	0.29429063237433595	1SL/2R
1645	And	1.611363438977377	1SL/2R
1646	be	0.06455516193110693	1SL/2R
1647	##hold	5.1517621849755475	1SL/2R
1648	I	4.243696667247803	1SL/2R
1649	come	7.222922712632907	1SL/2R
1650	quickly	14.078488989612737	1SL/2R
1651	and	9.641132734870101	1SL/2R
1652	my	0.8425812035816522	1SL/2R
1653	reward	5.407135252155662	1SL/2R
1654	is	1.79325016740367	1SL/2R
1655	with	5.2233402710515255	1SL/2R
1656	me	3.878061675624363	1SL/2R
1657	to	0.4397423936437266	1SL/2R
1658	give	8.346302074327085	1SL/2R
1659	every	6.22790575690617	1SL/2R
1660	man	6.112868930159425	1SL/2R
1661	according	15.897634183063646	1SL/2R
1662	as	14.831278920687259	1SL/2R
1663	his	2.1187676413321546	1SL/2R
1664	work	9.513541179307113	1SL/2R
1665	shall	4.847640103877955	1SL/2R
1666	be	1.6131339359496806	1SL/2R
1667	.	0.12043142631473619	1SL/2R
1668	I	0.012208968049872492	1SL/2R
1669	am	0.5572994352716008	1SL/2R
1670	Alpha	0.020600187793376443	1SL/2R
1671	and	0.6869337466509017	1SL/2R
1672	Omega	23.875496693158038	1SL/2R
1673	the	3.265269813056521	1SL/2R
1674	beginning	14.647214865165544	1SL/2R
1675	and	1.0243747665481628	1SL/2R
1676	the	0.005092008826668123	1SL/2R
1677	end	0.8255251752972114	1SL/2R
1678	the	0.5168207950430169	1SL/2R
1679	first	11.76727753569062	1SL/2R
1680	and	0.09859197563644513	1SL/2R
1681	the	0.00245326741003252	1SL/2R
1682	last	0.42259445374069754	1SL/2R
1683	.	0.04759590735774332	1SL/2R
1684	Blessed	10.31461106248424	1SL/2R
1685	are	1.0792982377073836	1SL/2R
1686	they	3.7691644965740623	1SL/2R
1687	that	5.1592910241529815	1SL/2R
1688	do	6.243210070385538	1SL/2R
1689	his	7.417529385597148	1SL/2R
1690	command	0.5756590214313223	1SL/2R
1691	##ments	17.893734840377455	1SL/2R
1692	that	3.600427132409583	1SL/2R
1693	they	3.6024330737729935	1SL/2R
1694	may	3.3582004819364477	1SL/2R
1695	have	1.0777731244913995	1SL/2R
1696	right	9.758801634084145	1SL/2R
1697	to	1.7361809360952094	1SL/2R
1698	the	0.4819602993329884	1SL/2R
1699	tree	9.810878847273324	1SL/2R
1700	of	0.05185443835575009	1SL/2R
1701	life	0.49087426136382867	1SL/2R
1702	and	1.6888455384012178	1SL/2R
1703	may	0.8794914161513981	1SL/2R
1704	enter	5.303124138872066	1SL/2R
1705	in	7.784917343969269	1SL/2R
1706	through	1.3531619355295215	1SL/2R
1707	the	0.795142630391684	1SL/2R
1708	gates	8.130313257130641	1SL/2R
1709	into	8.545417551924485	1SL/2R
1710	the	0.2087986499595045	1SL/2R
1711	city	4.615992819174468	1SL/2R
1712	.	0.08362163731369213	1SL/2R
1713	For	9.607170847619255	1SL/2R
1714	without	15.308319835055027	1SL/2R
1715	are	7.774047854613354	1SL/2R
1716	dogs	15.790426604770367	1SL/2R
1717	and	1.3451037625706599	1SL/2R
1718	so	0.012132394446107825	1SL/2R
1719	##rcerer	0.7444807972937421	1SL/2R
1720	##s	0.022198653823804898	1SL/2R
1721	and	0.4663285449871982	1SL/2R
1722	whore	9.129946893713079	1SL/2R
1723	##mon	0.0009777086246275971	1SL/2R
1724	##gers	0.030506850266719558	1SL/2R
1725	and	0.03747876285717101	1SL/2R
1726	murderer	2.609955979867478	1SL/2R
1727	##s	0.002596176892332827	1SL/2R
1728	and	0.13666640893259308	1SL/2R
1729	idol	0.13158820783046976	1SL/2R
1730	##ater	0.29656412359695766	1SL/2R
1731	##s	0.018815647542753756	1SL/2R
1732	and	2.9861205610212207	1SL/2R
1733	who	1.177930455548981	1SL/2R
1734	##so	0.015714455785570142	1SL/2R
1735	##ever	0.03161400868072654	1SL/2R
1736	love	6.687431502208815	1SL/2R
1737	##th	10.599936085560905	1SL/2R
1738	and	1.1043846889192375	1SL/2R
1739	make	8.27325568514487	1SL/2R
1740	##th	3.8588216385950314	1SL/2R
1741	a	1.6267169046677281	1SL/2R
1742	lie	8.907224151520854	1SL/2R
1743	.	0.24339216869679633	1SL/2R
1744	I	7.211151357594449	1SL/2R
1745	Jesus	26.321896149463647	1SL/2R
1746	have	6.589793877929351	1SL/2R
1747	sent	8.742941538309088	1SL/2R
1748	mine	12.679627466604021	1SL/2R
1749	angel	11.196398194538137	1SL/2R
1750	to	0.07652044388144609	1SL/2R
1751	testify	10.88015806899622	1SL/2R
1752	unto	6.979998067043007	1SL/2R
1753	you	2.6713302765608398	1SL/2R
1754	these	3.0583879838856203	1SL/2R
1755	things	2.3675834875992665	1SL/2R
1756	in	1.0716320807865205	1SL/2R
1757	the	1.505782971660275	1SL/2R
1758	churches	11.576480490880432	1SL/2R
1759	I	0.18470544614596968	1SL/2R
1760	am	1.7165201869684592	1SL/2R
1761	the	5.536707507208125	1SL/2R
1762	root	15.521251854531846	1SL/2R
1763	and	2.292161805447319	1SL/2R
1764	the	0.6130697505115283	1SL/2R
1765	offspring	9.19427383736613	1SL/2R
1766	of	0.01948994097568753	1SL/2R
1767	David	8.31145342916018	1SL/2R
1768	and	1.050194123463553	1SL/2R
1769	the	1.8477875844584326	1SL/2R
1770	bright	16.201606713963628	1SL/2R
1771	and	7.818350594221294	1SL/2R
1772	morning	11.646789356149585	1SL/2R
1773	star	4.160444803275577	1SL/2R
1774	.	0.17419668244512937	1SL/2R
1775	And	4.8533533313628245	1SL/2R
1776	the	2.4816160167742147	1SL/2R
1777	Spirit	12.708334505939163	1SL/2R
1778	and	8.05185675595361	1SL/2R
1779	the	0.14299012033080333	1SL/2R
1780	bride	16.57585614169909	1SL/2R
1781	say	13.231777908958392	1SL/2R
1782	Come	13.136517239486201	1SL/2R
1783	And	7.115057784047351	1SL/2R
1784	let	6.513608083373436	1SL/2R
1785	him	13.083685242460632	1SL/2R
1786	that	7.029874005218976	1SL/2R
1787	hear	4.064698781697513	1SL/2R
1788	##eth	6.515321515983675	1SL/2R
1789	say	5.816655994544892	1SL/2R
1790	Come	2.27341189027476	1SL/2R
1791	And	0.519051197495148	1SL/2R
1792	let	0.08723398274196145	1SL/2R
1793	him	0.23946845710980716	1SL/2R
1794	that	0.32405728415935636	1SL/2R
1795	is	9.410915237336019	1SL/2R
1796	at	9.669281122754198	1SL/2R
1797	##hir	7.650715531135877	1SL/2R
1798	##st	0.734214861943356	1SL/2R
1799	come	3.201828833876847	1SL/2R
1800	And	1.0796762239672684	1SL/2R
1801	who	1.5278150241470905	1SL/2R
1802	##so	0.0040786531026039225	1SL/2R
1803	##ever	0.012489888359657081	1SL/2R
1804	will	0.9617445899659257	1SL/2R
1805	let	2.525652990031554	1SL/2R
1806	him	1.5747367078158294	1SL/2R
1807	take	5.271721242988541	1SL/2R
1808	the	0.49845992543650564	1SL/2R
1809	water	10.06092212339933	1SL/2R
1810	of	0.23631764336333638	1SL/2R
1811	life	4.405275273523517	1SL/2R
1812	freely	7.206375855294009	1SL/2R
1813	.	0.7916535487989234	1SL/2R
1814	For	9.870727046532103	1SL/2R
1815	I	2.082689478464418	1SL/2R
1816	testify	9.872070521782486	1SL/2R
1817	unto	5.961519678926578	1SL/2R
1818	every	2.8859973478344294	1SL/2R
1819	man	3.960839967406557	1SL/2R
1820	that	3.582152505809348	1SL/2R
1821	hear	6.290653939593041	1SL/2R
1822	##eth	0.16610774157156769	1SL/2R
1823	the	0.1344153829047781	1SL/2R
1824	words	2.022564241336272	1SL/2R
1825	of	0.07425144447531487	1SL/2R
1826	the	0.3839403095967519	1SL/2R
1827	prophecy	11.520542147451492	1SL/2R
1828	of	2.5308487170024305	1SL/2R
1829	this	1.8856120290636202	1SL/2R
1830	book	7.347555760778036	1SL/2R
1831	If	8.655298553670548	1SL/2R
1832	any	2.98592690195788	1SL/2R
1833	man	0.7381783808238291	1SL/2R
1834	shall	2.7959017444502052	1SL/2R
1835	add	8.400821174976587	1SL/2R
1836	unto	3.252942279195893	1SL/2R
1837	these	2.1968900505568887	1SL/2R
1838	things	5.323166342264197	1SL/2R
1839	God	8.348855328242102	1SL/2R
1840	shall	0.13547792450565418	1SL/2R
1841	add	3.4294774124948613	1SL/2R
1842	unto	0.1996696092399177	1SL/2R
1843	him	1.0788566825620276	1SL/2R
1844	the	1.8411988065423777	1SL/2R
1845	plague	11.454815269420614	1SL/2R
1846	##s	0.02129652248573816	1SL/2R
1847	that	0.9429355493993506	1SL/2R
1848	are	0.4898830827808493	1SL/2R
1849	written	10.36156905776248	1SL/2R
1850	in	0.179689350543643	1SL/2R
1851	this	0.24326513514197648	1SL/2R
1852	book	0.14987612838415587	1SL/2R
1853	.	0.32098183426787047	1SL/2R
1854	And	5.368824943026423	1SL/2R
1855	if	4.769296107630147	1SL/2R
1856	any	2.0299355476851577	1SL/2R
1857	man	7.973341821713435	1SL/2R
1858	shall	10.05190970516505	1SL/2R
1859	take	9.50490022510219	1SL/2R
1860	away	6.596661286009467	1SL/2R
1861	from	4.620732168811799	1SL/2R
1862	the	0.6206827175014263	1SL/2R
1863	words	9.656535707499128	1SL/2R
1864	of	0.2495423289098217	1SL/2R
1865	the	0.9148499728488578	1SL/2R
1866	book	9.559105746401169	1SL/2R
1867	of	0.7683248427892772	1SL/2R
1868	this	5.673853770927963	1SL/2R
1869	prophecy	14.229278547301968	1SL/2R
1870	God	8.551340338641628	1SL/2R
1871	shall	0.13003205337974072	1SL/2R
1872	take	0.04962956900602203	1SL/2R
1873	away	0.687829276261666	1SL/2R
1874	his	0.9490945118342772	1SL/2R
1875	part	11.361139230152853	1SL/2R
1876	out	4.985653404944007	1SL/2R
1877	of	0.036673135968107756	1SL/2R
1878	the	0.3102297532478378	1SL/2R
1879	book	5.488841901081092	1SL/2R
1880	of	0.4247790792559585	1SL/2R
1881	life	10.132818746443931	1SL/2R
1882	and	0.5085697524935546	1SL/2R
1883	out	3.7376084652080173	1SL/2R
1884	of	0.02759237897995119	1SL/2R
1885	the	0.7611108930628914	1SL/2R
1886	holy	1.7677928217767658	1SL/2R
1887	city	9.419180197496688	1SL/2R
1888	and	0.22710585890533747	1SL/2R
1889	from	3.639609669408682	1SL/2R
1890	the	1.7421777023802683	1SL/2R
1891	things	4.2464952383248695	1SL/2R
1892	which	1.412496115578483	1SL/2R
1893	are	0.4201924188011873	1SL/2R
1894	written	4.1503470296805745	1SL/2R
1895	in	0.12105617969909077	1SL/2R
1896	this	1.2822708703202763	1SL/2R
1897	book	0.3722432675753657	1SL/2R
1898	.	0.13552732675082863	1SL/2R
1899	He	12.250440793143898	1SL/2R
1900	which	14.981862828249202	1SL/2R
1901	test	7.006141396892537	1SL/2R
1902	##if	2.773101160594559	1SL/2R
1903	##iet	0.5811674968059648	1SL/2R
1904	##h	3.289587030879883	1SL/2R
1905	these	5.757892662306362	1SL/2R
1906	things	4.952627590781708	1SL/2R
1907	sa	2.6284958538336234	1SL/2R
1908	##ith	1.8780839599764816	1SL/2R
1909	Surely	15.013069855217354	1SL/2R
1910	I	6.311933924608364	1SL/2R
1911	come	7.721229126779444	1SL/2R
1912	quickly	11.478674414264512	1SL/2R
1913	Am	3.717676643083281	1SL/2R
1914	##en	5.246052670192513	1SL/2R
1915	Even	15.327639621722223	1SL/2R
1916	so	3.682408388739432	1SL/2R
1917	come	12.418384262300549	1SL/2R
1918	Lord	3.261535770932002	1SL/2R
1919	Jesus	5.769393284745224	1SL/2R
1920	.	0.36783380155845874	1SL/2R
1921	The	0.548015719867211	1SL/2R
1922	grace	13.03682697409817	1SL/2R
1923	of	0.016268934702188653	1SL/2R
1924	our	2.1231285346367943	1SL/2R
1925	Lord	0.02342460207773318	1SL/2R
1926	Jesus	0.826265991122811	1SL/2R
1927	Christ	8.627366186110358	1SL/2R
1928	be	4.934498894432195	1SL/2R
1929	with	1.2212345399590536	1SL/2R
1930	you	1.9758471275761849	1SL/2R
1931	all	10.98784760928564	1SL/2R
1932	Am	0.7322777483543961	1SL/2R
1933	##en	0.12838470613469236	1SL/2R
1934	.	0.1421887676669191	1SL/2R
1935	And	1.0876813080040155	1SL/SR
1936	he	2.1771730491253054	1SL/SR
1937	she	4.734059808546926	1SL/SR
1938	##wed	5.682136277807001	1SL/SR
1939	me	10.221883657386124	1SL/SR
1940	a	0.41645751338450593	1SL/SR
1941	pure	6.931409978756035	1SL/SR
1942	river	6.124246056037233	1SL/SR
1943	of	2.4584070519267205	1SL/SR
1944	water	4.370125481990865	1SL/SR
1945	of	6.084099838118551	1SL/SR
1946	life	5.548040865211897	1SL/SR
1947	clear	3.838162003209625	1SL/SR
1948	as	0.408428918626929	1SL/SR
1949	crystal	10.550115356262769	1SL/SR
1950	proceeding	14.995029673901302	1SL/SR
1951	out	0.24355189262064278	1SL/SR
1952	of	0.6873124129282742	1SL/SR
1953	the	0.047982923530598104	1SL/SR
1954	throne	11.576595646790517	1SL/SR
1955	of	0.005339956727452084	1SL/SR
1956	God	0.6595613165821869	1SL/SR
1957	and	1.145129049260228	1SL/SR
1958	of	2.569570164181229	1SL/SR
1959	the	0.050226621890187687	1SL/SR
1960	Lamb	9.252948017542105	1SL/SR
1961	.	0.08300869304809393	1SL/SR
1962	In	0.09561123704063423	1SL/SR
1963	the	0.0014064715441959288	1SL/SR
1964	midst	6.499644115830245	1SL/SR
1965	of	0.005057577385289482	1SL/SR
1966	the	0.054491240062419774	1SL/SR
1967	street	11.842993913670748	1SL/SR
1968	of	2.8685298431274124	1SL/SR
1969	it	8.47929884131035	1SL/SR
1970	and	2.3729932066506305	1SL/SR
1971	on	0.4143606197229958	1SL/SR
1972	either	4.19769516015684	1SL/SR
1973	side	0.08960439393787199	1SL/SR
1974	of	0.01869054840169798	1SL/SR
1975	the	0.04758426470398695	1SL/SR
1976	river	4.563847900554821	1SL/SR
1977	was	1.617708840378133	1SL/SR
1978	there	6.18377246260902	1SL/SR
1979	the	3.489460966568171	1SL/SR
1980	tree	0.13941689510392488	1SL/SR
1981	of	0.042395316843867256	1SL/SR
1982	life	5.394882921178618	1SL/SR
1983	which	3.796264875318238	1SL/SR
1984	bare	16.69000401333042	1SL/SR
1985	twelve	17.616025635597776	1SL/SR
1986	manner	11.222835602699849	1SL/SR
1987	of	1.5992272498236668	1SL/SR
1988	fruits	6.655280541415258	1SL/SR
1989	and	1.0442090160950943	1SL/SR
1990	yielded	9.149810395728059	1SL/SR
1991	her	10.087168668047529	1SL/SR
1992	fruit	1.4771737788786488	1SL/SR
1993	every	0.7620792076199666	1SL/SR
1994	month	4.6346284270725	1SL/SR
1995	and	2.183701651236059	1SL/SR
1996	the	0.11108882453352016	1SL/SR
1997	leaves	4.361701754655705	1SL/SR
1998	of	0.07600758417990675	1SL/SR
1999	the	1.29529306813908	1SL/SR
2000	tree	1.0547487188983586	1SL/SR
2001	were	3.984743370444854	1SL/SR
2002	for	0.43697670564019847	1SL/SR
2003	the	0.01962722592296674	1SL/SR
2004	healing	10.341698176398356	1SL/SR
2005	of	0.03738592210706911	1SL/SR
2006	the	2.305616180062187	1SL/SR
2007	nations	12.67913335965918	1SL/SR
2008	.	0.10753824636272911	1SL/SR
2009	And	2.681910845453756	1SL/SR
2010	there	0.06315083403197963	1SL/SR
2011	shall	0.4802111583475383	1SL/SR
2012	be	0.01372393149141252	1SL/SR
2013	no	0.04237778290628523	1SL/SR
2014	more	3.162230993068472	1SL/SR
2015	curse	13.173012564606884	1SL/SR
2016	but	4.195993975219994	1SL/SR
2017	the	0.10550174935518239	1SL/SR
2018	throne	12.418970940326831	1SL/SR
2019	of	0.005982679322742747	1SL/SR
2020	God	0.5902218028199326	1SL/SR
2021	and	0.6438818852864823	1SL/SR
2022	of	9.11466939031162	1SL/SR
2023	the	0.06901241273346433	1SL/SR
2024	Lamb	9.358451929171169	1SL/SR
2025	shall	0.06413059148501767	1SL/SR
2026	be	2.951210494269801	1SL/SR
2027	in	3.5023119816615234	1SL/SR
2028	it	5.893973876320711	1SL/SR
2029	and	0.24492804231142878	1SL/SR
2030	his	0.4780936161614238	1SL/SR
2031	servants	6.946772598568671	1SL/SR
2032	shall	0.526754538730336	1SL/SR
2033	serve	3.9543028199494135	1SL/SR
2034	him	1.5990650744300023	1SL/SR
2035	.	0.15772658696410397	1SL/SR
2036	And	2.602408006763567	1SL/SR
2037	they	0.43996565102712926	1SL/SR
2038	shall	0.11619115787396096	1SL/SR
2039	see	1.4053310767276386	1SL/SR
2040	his	0.18892444069154843	1SL/SR
2041	face	0.6023790235768467	1SL/SR
2042	and	0.5107972273426208	1SL/SR
2043	his	0.0612986448035137	1SL/SR
2044	name	4.3029747616865865	1SL/SR
2045	shall	1.4479939891100297	1SL/SR
2046	be	1.4628683535446183	1SL/SR
2047	in	5.38906517485702	1SL/SR
2048	their	0.021352114618374562	1SL/SR
2049	forehead	6.332171631270301	1SL/SR
2050	##s	0.020119118358223786	1SL/SR
2051	.	0.14373852729034842	1SL/SR
2052	And	3.828334514309327	1SL/SR
2053	there	0.01644409590174164	1SL/SR
2054	shall	1.0787081956153037	1SL/SR
2055	be	0.021956610059854186	1SL/SR
2056	no	0.3353282276349184	1SL/SR
2057	night	8.915601945767945	1SL/SR
2058	there	5.4386186996175585	1SL/SR
2059	and	2.168319705912631	1SL/SR
2060	they	0.12195180098113557	1SL/SR
2061	need	4.70820904251075	1SL/SR
2062	no	0.22683724501828118	1SL/SR
2063	candle	7.893853874048364	1SL/SR
2064	neither	13.634924304016835	1SL/SR
2065	light	3.6357850420289224	1SL/SR
2066	of	4.8667818881235645	1SL/SR
2067	the	0.20401209600135733	1SL/SR
2068	sun	3.256743395674809	1SL/SR
2069	for	5.064407510176604	1SL/SR
2070	the	0.28907262693081465	1SL/SR
2071	Lord	2.4413873066502405	1SL/SR
2072	God	2.5408958734975315	1SL/SR
2073	give	0.6324019511076084	1SL/SR
2074	##th	3.0970028370853595	1SL/SR
2075	them	2.2613051939059905	1SL/SR
2076	light	6.012417376367427	1SL/SR
2077	and	0.1569693562224598	1SL/SR
2078	they	0.395175901031892	1SL/SR
2079	shall	0.1868298449988536	1SL/SR
2080	reign	9.480774569569874	1SL/SR
2081	for	0.9572451704741831	1SL/SR
2082	ever	0.6640255464848719	1SL/SR
2083	and	0.07960080053073942	1SL/SR
2084	ever	0.1783414186326326	1SL/SR
2085	.	0.1256505557026983	1SL/SR
2086	And	0.6941759259366789	1SL/SR
2087	he	1.190757845071641	1SL/SR
2088	said	0.8050979971744157	1SL/SR
2089	unto	0.6086049610978794	1SL/SR
2090	me	3.0128246530459073	1SL/SR
2091	These	5.620986724433632	1SL/SR
2092	saying	7.982797048188169	1SL/SR
2093	##s	0.000660220459297491	1SL/SR
2094	are	2.274562904463871	1SL/SR
2095	faithful	10.24484927374009	1SL/SR
2096	and	0.052407023399270475	1SL/SR
2097	true	1.3332738723873419	1SL/SR
2098	and	1.9990544053764654	1SL/SR
2099	the	0.15073646235390567	1SL/SR
2100	Lord	2.5611676730868975	1SL/SR
2101	God	1.3909354787142914	1SL/SR
2102	of	0.36950000603857497	1SL/SR
2103	the	0.20795225997166975	1SL/SR
2104	holy	5.124187760133012	1SL/SR
2105	prophet	4.52580489059548	1SL/SR
2106	##s	0.9194999285329674	1SL/SR
2107	sent	1.7400638323672233	1SL/SR
2108	his	3.9452999713302956	1SL/SR
2109	angel	6.710154038408397	1SL/SR
2110	to	0.008024196560598574	1SL/SR
2111	she	3.731570651827998	1SL/SR
2112	##w	1.8025937083299182	1SL/SR
2113	unto	3.680821568255137	1SL/SR
2114	his	0.5510141209039078	1SL/SR
2115	servants	8.813019679054603	1SL/SR
2116	the	1.391000201854891	1SL/SR
2117	things	4.892868826608929	1SL/SR
2118	which	1.4094273404871793	1SL/SR
2119	must	3.0310222352721885	1SL/SR
2120	shortly	13.609666753591613	1SL/SR
2121	be	0.0008856384679256539	1SL/SR
2122	done	1.3864584822808717	1SL/SR
2123	.	0.176368715957437	1SL/SR
2124	Be	0.033138851033057255	1SL/SR
2125	##hold	1.6756129988230701	1SL/SR
2126	I	3.650850674260178	1SL/SR
2127	come	12.783964529292373	1SL/SR
2128	quickly	15.551949753198697	1SL/SR
2129	blessed	12.394354893563833	1SL/SR
2130	is	2.244232826398713	1SL/SR
2131	he	5.001135446203043	1SL/SR
2132	that	3.4900562634297767	1SL/SR
2133	keep	7.421827505385248	1SL/SR
2134	##eth	6.715690416918545	1SL/SR
2135	the	0.08939066224700079	1SL/SR
2136	saying	10.561149529788144	1SL/SR
2137	##s	0.010596057974873297	1SL/SR
2138	of	1.1558034075421875	1SL/SR
2139	the	0.08964346561102088	1SL/SR
2140	prophecy	11.858673805454446	1SL/SR
2141	of	6.011242253597622	1SL/SR
2142	this	1.8718789922369123	1SL/SR
2143	book	6.519415008417847	1SL/SR
2144	.	0.19123619629029956	1SL/SR
2145	And	1.8420856756438424	1SL/SR
2146	I	8.909789188156294	1SL/SR
2147	John	18.320728885457342	1SL/SR
2148	saw	0.3670381843393171	1SL/SR
2149	these	0.08503363867087253	1SL/SR
2150	things	0.24162945807906033	1SL/SR
2151	and	0.46298593024564605	1SL/SR
2152	heard	1.2503403451650277	1SL/SR
2153	them	3.353148425071984	1SL/SR
2154	And	7.044499430328906	1SL/SR
2155	when	1.612546771933554	1SL/SR
2156	I	0.007983815197994187	1SL/SR
2157	had	0.6785348190817239	1SL/SR
2158	heard	2.006711127806113	1SL/SR
2159	and	0.03556817123031862	1SL/SR
2160	seen	4.230226408786069	1SL/SR
2161	I	0.09205175490312428	1SL/SR
2162	fell	6.217542916782953	1SL/SR
2163	down	1.7155751852791365	1SL/SR
2164	to	0.5310840438214683	1SL/SR
2165	worship	11.143689223059509	1SL/SR
2166	before	10.067114941116882	1SL/SR
2167	the	0.004667756882816399	1SL/SR
2168	feet	6.526419712704639	1SL/SR
2169	of	0.01214167325076827	1SL/SR
2170	the	0.3034387515011759	1SL/SR
2171	angel	5.0572090066114965	1SL/SR
2172	which	5.570299686160815	1SL/SR
2173	she	2.7582818398321542	1SL/SR
2174	##wed	15.33480669143827	1SL/SR
2175	me	2.6227053893556564	1SL/SR
2176	these	0.2673806185146953	1SL/SR
2177	things	0.6118202818218745	1SL/SR
2178	.	0.17876524962418067	1SL/SR
2179	Then	4.071201086458982	1SL/SR
2180	sa	1.3596469299669338	1SL/SR
2181	##ith	0.03474202870975905	1SL/SR
2182	he	10.536608214392931	1SL/SR
2183	unto	4.125540419335112	1SL/SR
2184	me	0.6252957209550617	1SL/SR
2185	See	17.72366385191063	1SL/SR
2186	thou	9.33018186843434	1SL/SR
2187	do	3.685996300369381	1SL/SR
2188	it	4.659560909085974	1SL/SR
2189	not	9.794393907826098	1SL/SR
2190	for	4.544389952307057	1SL/SR
2191	I	0.0066129031370852544	1SL/SR
2192	am	0.9618501075998181	1SL/SR
2193	thy	2.7937484297948356	1SL/SR
2194	fellows	21.29707666301877	1SL/SR
2195	##er	13.39023554928514	1SL/SR
2196	##vant	1.9097651162145561	1SL/SR
2197	and	0.9653188967502415	1SL/SR
2198	of	1.7337826420592732	1SL/SR
2199	thy	2.256879738896143	1SL/SR
2200	br	0.00010646118884723918	1SL/SR
2201	##eth	0.0005854617295920257	1SL/SR
2202	##ren	0.012678905049731258	1SL/SR
2203	the	3.0229488807062728	1SL/SR
2204	prophet	1.433357460135343	1SL/SR
2205	##s	0.11424591727288419	1SL/SR
2206	and	1.9249911529115094	1SL/SR
2207	of	0.44339349816663876	1SL/SR
2208	them	6.870163285530549	1SL/SR
2209	which	5.738079124169425	1SL/SR
2210	keep	9.839811422585303	1SL/SR
2211	the	0.0738923450546062	1SL/SR
2212	saying	5.824316602657921	1SL/SR
2213	##s	0.008228022957768952	1SL/SR
2214	of	0.8654546065985852	1SL/SR
2215	this	2.7966464702465355	1SL/SR
2216	book	8.925246365514205	1SL/SR
2217	worship	15.82112273830858	1SL/SR
2218	God	13.7146144326823	1SL/SR
2219	.	0.3121580041856146	1SL/SR
2220	And	1.656419954558654	1SL/SR
2221	he	4.936375335319	1SL/SR
2222	sa	0.04555791960114289	1SL/SR
2223	##ith	0.2674886775267245	1SL/SR
2224	unto	2.855788324838315	1SL/SR
2225	me	9.867654973268142	1SL/SR
2226	Seal	23.089667897382288	1SL/SR
2227	not	13.070090040331634	1SL/SR
2228	the	0.18258397573046545	1SL/SR
2229	saying	10.342442322047196	1SL/SR
2230	##s	0.17343299022072767	1SL/SR
2231	of	1.6264847004580396	1SL/SR
2232	the	0.15732902962790885	1SL/SR
2233	prophecy	12.157972753367272	1SL/SR
2234	of	1.8837755130847107	1SL/SR
2235	this	2.334013575917002	1SL/SR
2236	book	6.722092161136374	1SL/SR
2237	for	5.432262860835342	1SL/SR
2238	the	1.7299632293716196	1SL/SR
2239	time	2.7436006699804203	1SL/SR
2240	is	1.6663332015591643	1SL/SR
2241	at	0.09668124701261172	1SL/SR
2242	hand	2.600881959320475	1SL/SR
2243	.	0.25342335481626505	1SL/SR
2244	He	0.10324438378212256	1SL/SR
2245	that	0.06576653065718667	1SL/SR
2246	is	0.006311014292174172	1SL/SR
2247	un	0.004819858903454439	1SL/SR
2248	##ju	1.788630656508391e-05	1SL/SR
2249	##st	0.0006972141288468762	1SL/SR
2250	let	0.007542115167358287	1SL/SR
2251	him	0.012048020764771435	1SL/SR
2252	be	0.008130732688932385	1SL/SR
2253	un	0.004063044692568835	1SL/SR
2254	##ju	1.3242724894778565e-05	1SL/SR
2255	##st	0.00047647061483719255	1SL/SR
2256	still	0.3893911034891114	1SL/SR
2257	and	0.11362773393633084	1SL/SR
2258	he	0.07972875008717427	1SL/SR
2259	which	9.144436947356997	1SL/SR
2260	is	0.009274069918906676	1SL/SR
2261	filthy	9.275018572963255	1SL/SR
2262	let	0.004419751962073225	1SL/SR
2263	him	0.01203111193604893	1SL/SR
2264	be	0.004294514895351135	1SL/SR
2265	filthy	17.479049757200485	1SL/SR
2266	still	0.05954480462726026	1SL/SR
2267	and	0.07416707025595111	1SL/SR
2268	he	0.1330545694960242	1SL/SR
2269	that	0.0670626920687746	1SL/SR
2270	is	0.002942698557006669	1SL/SR
2271	right	0.012537248637895775	1SL/SR
2272	##eous	0.00040378577401008696	1SL/SR
2273	let	0.00424104232483463	1SL/SR
2274	him	0.011598053325933893	1SL/SR
2275	be	0.0031140085305760264	1SL/SR
2276	right	0.04055515061329034	1SL/SR
2277	##eous	0.001979674071643255	1SL/SR
2278	still	0.10699303478012616	1SL/SR
2279	and	0.12012139402988775	1SL/SR
2280	he	0.21280922901662327	1SL/SR
2281	that	0.043113240027336824	1SL/SR
2282	is	0.00476584920294889	1SL/SR
2283	holy	2.4846425587146763	1SL/SR
2284	let	0.002941492220869895	1SL/SR
2285	him	0.018335346881417594	1SL/SR
2286	be	0.0064243339720188005	1SL/SR
2287	holy	8.296420387505727	1SL/SR
2288	still	0.03327541706891497	1SL/SR
2289	.	0.29429063237433595	1SL/SR
2290	And	1.90087920825189	1SL/SR
2291	be	0.03313137195215277	1SL/SR
2292	##hold	3.2425490502506418	1SL/SR
2293	I	1.5622935113627687	1SL/SR
2294	come	5.312702601768289	1SL/SR
2295	quickly	11.036790277274587	1SL/SR
2296	and	1.889603194683361	1SL/SR
2297	my	1.237397561516682	1SL/SR
2298	reward	8.016410001290378	1SL/SR
2299	is	0.9781516363304181	1SL/SR
2300	with	7.081500945706256	1SL/SR
2301	me	1.1937091092123238	1SL/SR
2302	to	0.1534779677019248	1SL/SR
2303	give	8.204786206108196	1SL/SR
2304	every	4.034754008625053	1SL/SR
2305	man	1.254364344866931	1SL/SR
2306	according	16.951343012553107	1SL/SR
2307	as	5.314461453661431	1SL/SR
2308	his	1.2180978488660672	1SL/SR
2309	work	8.66137581556751	1SL/SR
2310	shall	4.847640103877955	1SL/SR
2311	be	1.6131339359496806	1SL/SR
2312	.	0.12043142631473619	1SL/SR
2313	I	0.009034617331771575	1SL/SR
2314	am	3.014484181672925	1SL/SR
2315	Alpha	0.0055599782074847795	1SL/SR
2316	and	0.29066940174222716	1SL/SR
2317	Omega	16.483204820713862	1SL/SR
2318	the	0.046079864704546246	1SL/SR
2319	beginning	3.7564017869222055	1SL/SR
2320	and	1.4103176545402696	1SL/SR
2321	the	0.027465640062440226	1SL/SR
2322	end	4.57905329947259	1SL/SR
2323	the	0.11572586843202061	1SL/SR
2324	first	1.0862254516803318	1SL/SR
2325	and	0.1272766550069159	1SL/SR
2326	the	0.00245326741003252	1SL/SR
2327	last	0.42259445374069754	1SL/SR
2328	.	0.04759590735774332	1SL/SR
2329	Blessed	5.042228753040141	1SL/SR
2330	are	0.30546739479766183	1SL/SR
2331	they	5.2811738805495105	1SL/SR
2332	that	4.5925748085387434	1SL/SR
2333	do	10.071457137585355	1SL/SR
2334	his	8.376664019137362	1SL/SR
2335	command	0.2644543051714518	1SL/SR
2336	##ments	16.4455415975717	1SL/SR
2337	that	2.7278996394381476	1SL/SR
2338	they	1.3582318966656874	1SL/SR
2339	may	1.931240251422682	1SL/SR
2340	have	2.314267380986766	1SL/SR
2341	right	9.16369465446293	1SL/SR
2342	to	1.307696848452892	1SL/SR
2343	the	0.2502991246477114	1SL/SR
2344	tree	7.812317795644082	1SL/SR
2345	of	0.015202510671315604	1SL/SR
2346	life	0.5929455809369426	1SL/SR
2347	and	1.16837903958444	1SL/SR
2348	may	0.7674263934762751	1SL/SR
2349	enter	1.8917689305888608	1SL/SR
2350	in	7.098328117642731	1SL/SR
2351	through	1.0888526304415693	1SL/SR
2352	the	0.21119575515175534	1SL/SR
2353	gates	3.2679478115614207	1SL/SR
2354	into	8.069994625810837	1SL/SR
2355	the	0.2087986499595045	1SL/SR
2356	city	4.615992819174468	1SL/SR
2357	.	0.08362163731369213	1SL/SR
2358	For	3.1244214265677837	1SL/SR
2359	without	17.66377568001993	1SL/SR
2360	are	6.152556448631639	1SL/SR
2361	dogs	12.700994382809505	1SL/SR
2362	and	0.04718198429974287	1SL/SR
2363	so	0.0005253306488345648	1SL/SR
2364	##rcerer	0.3963651664349336	1SL/SR
2365	##s	0.0004489445638372619	1SL/SR
2366	and	0.15862252356858214	1SL/SR
2367	whore	4.867620297038511	1SL/SR
2368	##mon	0.0019249095300151316	1SL/SR
2369	##gers	0.005280490224258895	1SL/SR
2370	and	0.23420362093365066	1SL/SR
2371	murderer	3.224961763934255	1SL/SR
2372	##s	0.0007218197459790612	1SL/SR
2373	and	0.02621156016760224	1SL/SR
2374	idol	0.2026912324304275	1SL/SR
2375	##ater	0.3030070122697454	1SL/SR
2376	##s	0.01917671870968306	1SL/SR
2377	and	9.394116095473851	1SL/SR
2378	who	0.29326813365062604	1SL/SR
2379	##so	0.0050930443714684425	1SL/SR
2380	##ever	0.004936944382129111	1SL/SR
2381	love	6.332396169769626	1SL/SR
2382	##th	0.08121444980683551	1SL/SR
2383	and	3.877321430223419	1SL/SR
2384	make	8.07490306654495	1SL/SR
2385	##th	5.368512175407449	1SL/SR
2386	a	1.6267169046677281	1SL/SR
2387	lie	8.907224151520854	1SL/SR
2388	.	0.24339216869679633	1SL/SR
2389	I	6.321943229440023	1SL/SR
2390	Jesus	13.319286153154453	1SL/SR
2391	have	7.957489120622286	1SL/SR
2392	sent	2.0776774727457963	1SL/SR
2393	mine	12.720468054381062	1SL/SR
2394	angel	8.277583403147148	1SL/SR
2395	to	0.08431534002920574	1SL/SR
2396	testify	11.818943461691218	1SL/SR
2397	unto	3.95808840122496	1SL/SR
2398	you	1.9756103686840951	1SL/SR
2399	these	5.224256914326414	1SL/SR
2400	things	4.568651351117002	1SL/SR
2401	in	1.5615494965407803	1SL/SR
2402	the	1.905302114259228	1SL/SR
2403	churches	12.41083601023504	1SL/SR
2404	I	0.3273589606986558	1SL/SR
2405	am	2.3988199931183893	1SL/SR
2406	the	0.42050738748026184	1SL/SR
2407	root	13.58318430751703	1SL/SR
2408	and	1.5604408509185985	1SL/SR
2409	the	1.0924248465676503	1SL/SR
2410	offspring	9.548916825346243	1SL/SR
2411	of	0.014778229346017673	1SL/SR
2412	David	8.205032902877111	1SL/SR
2413	and	3.4276545815507924	1SL/SR
2414	the	0.7391700312902476	1SL/SR
2415	bright	12.501762014486827	1SL/SR
2416	and	9.80031956849186	1SL/SR
2417	morning	11.646789356149585	1SL/SR
2418	star	4.160444803275577	1SL/SR
2419	.	0.17419668244512937	1SL/SR
2420	And	4.676707146171026	1SL/SR
2421	the	0.05011764375359952	1SL/SR
2422	Spirit	19.70357258881545	1SL/SR
2423	and	3.3556870966030736	1SL/SR
2424	the	0.13203027796993286	1SL/SR
2425	bride	18.112347820940418	1SL/SR
2426	say	6.5942082704137	1SL/SR
2427	Come	1.567831522021416	1SL/SR
2428	And	1.2284787947364093	1SL/SR
2429	let	0.011769007081681555	1SL/SR
2430	him	0.7306367188844661	1SL/SR
2431	that	0.030525206652192657	1SL/SR
2432	hear	3.362232664314874	1SL/SR
2433	##eth	1.8778344264957358	1SL/SR
2434	say	7.767037375715929	1SL/SR
2435	Come	2.287663815758084	1SL/SR
2436	And	0.7455941473807731	1SL/SR
2437	let	0.0421951946651031	1SL/SR
2438	him	0.5859956263661393	1SL/SR
2439	that	0.06163155829147995	1SL/SR
2440	is	6.486714554257432	1SL/SR
2441	at	11.652825125769555	1SL/SR
2442	##hir	7.942738179396825	1SL/SR
2443	##st	0.9601036956417843	1SL/SR
2444	come	4.808089259857272	1SL/SR
2445	And	0.8895117517776908	1SL/SR
2446	who	0.7365698876955018	1SL/SR
2447	##so	0.0017650192967303014	1SL/SR
2448	##ever	0.003324554634767958	1SL/SR
2449	will	0.9104677297581506	1SL/SR
2450	let	0.2900302273919797	1SL/SR
2451	him	2.065789211348928	1SL/SR
2452	take	4.348503611405945	1SL/SR
2453	the	0.053693106593336204	1SL/SR
2454	water	10.478215794361688	1SL/SR
2455	of	0.222231798482369	1SL/SR
2456	life	4.405275273523517	1SL/SR
2457	freely	7.206375855294009	1SL/SR
2458	.	0.7916535487989234	1SL/SR
2459	For	2.750906083064929	1SL/SR
2460	I	0.9323424413010715	1SL/SR
2461	testify	11.157177516703097	1SL/SR
2462	unto	4.25344190823908	1SL/SR
2463	every	0.9779949519245873	1SL/SR
2464	man	0.4606901775354418	1SL/SR
2465	that	4.058850726277312	1SL/SR
2466	hear	3.5519081510508625	1SL/SR
2467	##eth	0.28921952072737833	1SL/SR
2468	the	0.016964834654163284	1SL/SR
2469	words	1.2190163708659414	1SL/SR
2470	of	0.3294851862172058	1SL/SR
2471	the	0.07785525937159947	1SL/SR
2472	prophecy	10.429967481247854	1SL/SR
2473	of	3.45777423904539	1SL/SR
2474	this	0.18763934776108038	1SL/SR
2475	book	0.6123828295018411	1SL/SR
2476	If	6.86590666682379	1SL/SR
2477	any	3.273582249014259	1SL/SR
2478	man	0.29049396340937295	1SL/SR
2479	shall	0.40821893268765197	1SL/SR
2480	add	4.62001211884027	1SL/SR
2481	unto	2.268562772771205	1SL/SR
2482	these	3.3994604686007746	1SL/SR
2483	things	5.552368614990682	1SL/SR
2484	God	7.073298990436064	1SL/SR
2485	shall	0.2127877028292898	1SL/SR
2486	add	2.253492341953315	1SL/SR
2487	unto	0.2950814047313818	1SL/SR
2488	him	1.7943502107798917	1SL/SR
2489	the	0.18274013270381073	1SL/SR
2490	plague	14.183442071817254	1SL/SR
2491	##s	0.02077648635389245	1SL/SR
2492	that	0.9024074561524374	1SL/SR
2493	are	0.3111246883021149	1SL/SR
2494	written	6.911807165830494	1SL/SR
2495	in	0.14943561462661992	1SL/SR
2496	this	0.24326513514197648	1SL/SR
2497	book	0.14987612838415587	1SL/SR
2498	.	0.32098183426787047	1SL/SR
2499	And	1.1263446833141455	1SL/SR
2500	if	0.5431025656424162	1SL/SR
2501	any	1.5196246850408972	1SL/SR
2502	man	1.604238128965668	1SL/SR
2503	shall	1.7108331198088529	1SL/SR
2504	take	2.2898396235913654	1SL/SR
2505	away	0.12076994885511827	1SL/SR
2506	from	0.18741675776223493	1SL/SR
2507	the	0.010346945337140081	1SL/SR
2508	words	6.357441555675744	1SL/SR
2509	of	0.7953391617162281	1SL/SR
2510	the	0.03919403760193797	1SL/SR
2511	book	3.848532336297453	1SL/SR
2512	of	0.4610079588265342	1SL/SR
2513	this	5.682333732507642	1SL/SR
2514	prophecy	12.434344355877453	1SL/SR
2515	God	9.293260862801308	1SL/SR
2516	shall	0.18175057856555274	1SL/SR
2517	take	0.04551141528838648	1SL/SR
2518	away	1.1691520497852963	1SL/SR
2519	his	1.051179106348147	1SL/SR
2520	part	9.043311008463096	1SL/SR
2521	out	1.3221601611426712	1SL/SR
2522	of	0.025637929112962976	1SL/SR
2523	the	0.2585003019051258	1SL/SR
2524	book	6.62765127698126	1SL/SR
2525	of	0.028030792175627987	1SL/SR
2526	life	9.879526537097039	1SL/SR
2527	and	0.43547984210249885	1SL/SR
2528	out	12.23948195902901	1SL/SR
2529	of	0.04615728488910325	1SL/SR
2530	the	0.4407141769084131	1SL/SR
2531	holy	1.1948656570339662	1SL/SR
2532	city	10.524997042508803	1SL/SR
2533	and	0.1267091941441756	1SL/SR
2534	from	1.2224538061168209	1SL/SR
2535	the	0.2857591995800131	1SL/SR
2536	things	6.1312250993695985	1SL/SR
2537	which	1.304951122667061	1SL/SR
2538	are	0.3078554439173639	1SL/SR
2539	written	2.2248290068463494	1SL/SR
2540	in	0.09288644038196582	1SL/SR
2541	this	1.2822708703202763	1SL/SR
2542	book	0.3722432675753657	1SL/SR
2543	.	0.13552732675082863	1SL/SR
2544	He	8.4057268858853	1SL/SR
2545	which	10.11311862723112	1SL/SR
2546	test	2.918279600544593	1SL/SR
2547	##if	0.7709302275114691	1SL/SR
2548	##iet	0.131757407082856	1SL/SR
2549	##h	2.1021106094058086	1SL/SR
2550	these	4.897413921355794	1SL/SR
2551	things	3.8541084238330456	1SL/SR
2552	sa	3.495478236578117	1SL/SR
2553	##ith	1.4961935469315466	1SL/SR
2554	Surely	12.422474014942823	1SL/SR
2555	I	6.257336330777511	1SL/SR
2556	come	8.28240724217876	1SL/SR
2557	quickly	11.595987200666409	1SL/SR
2558	Am	3.4093075390550545	1SL/SR
2559	##en	2.247916168007697	1SL/SR
2560	Even	15.005765701454166	1SL/SR
2561	so	4.319422742968765	1SL/SR
2562	come	11.662691428598869	1SL/SR
2563	Lord	3.261535770932002	1SL/SR
2564	Jesus	5.769393284745224	1SL/SR
2565	.	0.36783380155845874	1SL/SR
2566	The	0.22261273360127293	1SL/SR
2567	grace	5.984735372312444	1SL/SR
2568	of	0.0093640804456917	1SL/SR
2569	our	1.9795274630481745	1SL/SR
2570	Lord	0.00897153723257341	1SL/SR
2571	Jesus	0.017578113723763583	1SL/SR
2572	Christ	3.5930197727944435	1SL/SR
2573	be	4.213024209535519	1SL/SR
2574	with	0.9075831854767952	1SL/SR
2575	you	1.1293147991514745	1SL/SR
2576	all	9.873522219945967	1SL/SR
2577	Am	0.7322777483543961	1SL/SR
2578	##en	0.12838470613469236	1SL/SR
2579	.	0.1421887676669191	1SL/SR
